file,rows,cols,mae_mean_norm,mae_p95_norm,rmse_mean_norm,rmse_global_norm,mae_mean_raw,mae_median_raw,mae_std_raw,mae_p95_raw,rmse_mean_raw,rmse_median_raw,rmse_std_raw,rmse_p95_raw,rmse_global_raw,max_abs_err_raw,path
0438.pkl.gz,26448,375,0.0004168654850218445,0.0007660227711312473,0.0005438107764348388,0.0006037655250770971,0.00019231838814448565,0.0001810725952964276,9.390580089529976e-05,0.00035340001340955496,0.0002508838369976729,0.0002369656867813319,0.00012101174797862768,0.0004593286430463195,0.0002785436208948923,0.0047801584005355835,/Users/kkreth/PycharmProjects/data/Final_Cubed_OG_Data_wLatent/5p2/0438.pkl.gz
0466.pkl.gz,26448,375,0.0006732760230079293,0.001207961468026042,0.0008782654185779393,0.0009545764828218568,0.00031061185291036963,0.0002899563987739384,0.0001349376398138702,0.0005572858499363065,0.0004051824507769197,0.00037976718158461154,0.00017253631085623056,0.0007182833505794406,0.00044038806178856537,0.007038824260234833,/Users/kkreth/PycharmProjects/data/Final_Cubed_OG_Data_wLatent/8p4/0466.pkl.gz
0825.pkl.gz,26448,375,0.0004629959585145116,0.0008769729756750166,0.0006021724548190832,0.0006700575275099708,0.00021360040409490466,0.00019090759451501071,0.0001059474452631548,0.0004045862297061831,0.00027780866366811097,0.0002503693103790283,0.00013558004866354167,0.0005211958196014166,0.00030912724918391723,0.003534198272973299,/Users/kkreth/PycharmProjects/data/Final_Cubed_OG_Data_wLatent/6p6/0825.pkl.gz
0780.pkl.gz,26448,375,0.0003939511370845139,0.0007214481011033058,0.0005128967459313571,0.0005648625987844763,0.00018174698925577104,0.00017521977133583277,8.442703983746469e-05,0.00033283577067777514,0.00023662185412831604,0.0002279214677400887,0.00010918051702901721,0.00043289136374369264,0.00026059600589739177,0.0035045696422457695,/Users/kkreth/PycharmProjects/data/Final_Cubed_OG_Data_wLatent/5p2/0780.pkl.gz
0575.pkl.gz,26448,375,0.00038680335273966193,0.0007413834100589156,0.0005051160114817321,0.0005640465858947237,0.00017844939429778606,0.0001691929646767676,8.841474482323974e-05,0.0003420328430365771,0.0002330322313355282,0.00022081346833147109,0.0001158021914307028,0.0004489238781388849,0.00026021943486939815,0.004588358104228973,/Users/kkreth/PycharmProjects/data/Final_Cubed_OG_Data_wLatent/5p2/0575.pkl.gz
0902.pkl.gz,26448,375,0.0006042869645170867,0.0010900855995714664,0.0007880823686718941,0.0008561313728088231,0.00027878416585735977,0.0002625943743623793,0.00011977823305642232,0.0005029044696129858,0.0003635770408436656,0.0003426650073379278,0.00015431725478265435,0.0006527684163302183,0.00039497110395244684,0.005280021578073502,/Users/kkreth/PycharmProjects/data/Final_Cubed_OG_Data_wLatent/7p2/0902.pkl.gz
0645.pkl.gz,26448,375,0.0006374984513968229,0.0012250770814716816,0.0008331278222613037,0.0009283155514722663,0.0002941061102319509,0.00025521498173475266,0.0001466153480578214,0.0005651820101775229,0.0003843585145659745,0.00033491954673081636,0.00018890771025326103,0.000734507804736495,0.0004282730396680912,0.0050987303256988525,/Users/kkreth/PycharmProjects/data/Final_Cubed_OG_Data_wLatent/11p4/0645.pkl.gz
0299.pkl.gz,26448,375,0.0003312432090751827,0.0006814877269789577,0.0004310047661419958,0.0004818169323398871,0.00015281708328984678,0.0001427209936082363,7.713253580732271e-05,0.0003144002112094313,0.00019884147332049906,0.00018564063066150993,9.935805428540334e-05,0.0004062741354573518,0.0002222834939568725,0.0034361258149147034,/Users/kkreth/PycharmProjects/data/Final_Cubed_OG_Data_wLatent/4p6/0299.pkl.gz
0774.pkl.gz,26448,375,0.0006705918349325657,0.0013264324516057968,0.0008763603982515633,0.0009811362828027726,0.00030937351402826607,0.0002725874073803425,0.000157817717990838,0.000611941737588495,0.00040430360240861773,0.0003578195464797318,0.000203525458346121,0.0007928518461994827,0.0004526410945374168,0.00629686564207077,/Users/kkreth/PycharmProjects/data/Final_Cubed_OG_Data_wLatent/11p4/0774.pkl.gz
0149.pkl.gz,26448,375,0.0006415671086870134,0.001198410289362073,0.0008365498506464064,0.0009184576862037286,0.0002959831617772579,0.00027791771572083235,0.00013622958795167506,0.0005528794135898352,0.0003859373100567609,0.0003640881914179772,0.00017491467588115484,0.000713156710844487,0.0004237247369992844,0.00572268757969141,/Users/kkreth/PycharmProjects/data/Final_Cubed_OG_Data_wLatent/7p2/0149.pkl.gz
0977.pkl.gz,26448,375,0.0006755285430699587,0.0013258550316095352,0.000882055435795337,0.0009874988437789986,0.0003116510633844882,0.00026324999635107815,0.00015893553791102022,0.000611675379332155,0.0004069310089107603,0.0003455020487308502,0.00020483555272221565,0.000792728504166007,0.0004555768563919489,0.00599168986082077,/Users/kkreth/PycharmProjects/data/Final_Cubed_OG_Data_wLatent/11p4/0977.pkl.gz
1152.pkl.gz,26448,375,0.0003964578208979219,0.0007650452316738665,0.0005160002619959414,0.0005704049529787359,0.00018290344451088458,0.00017232319805771112,8.701509796082973e-05,0.00035294893314130604,0.0002380536316195503,0.00022551101574208587,0.00011216029815841466,0.0004570425080601126,0.0002631529068709202,0.0033206045627593994,/Users/kkreth/PycharmProjects/data/Final_Cubed_OG_Data_wLatent/5p2/1152.pkl.gz
0356.pkl.gz,26448,375,0.0004342990869190544,0.0008205783669836819,0.0005657771253027022,0.0006282907482904936,0.00020036128989886492,0.00018909813661593944,9.770617907634005e-05,0.00037856888957321644,0.00026101787807419896,0.00024697440676391125,0.00012604535731952637,0.0004905845853500068,0.000289858227129863,0.00395594909787178,/Users/kkreth/PycharmProjects/data/Final_Cubed_OG_Data_wLatent/5p2/0356.pkl.gz
0214.pkl.gz,26448,375,0.000630242982879281,0.0012083513429388404,0.0008226101635955274,0.0009198533610855637,0.0002907588495872915,0.0002588578499853611,0.0001481618674006313,0.00055746576981619,0.0003795062657445669,0.00034069386310875416,0.00018990521493833512,0.000720786105375737,0.00042436879641156576,0.005349896848201752,/Users/kkreth/PycharmProjects/data/Final_Cubed_OG_Data_wLatent/7p8/0214.pkl.gz
0834.pkl.gz,26448,375,0.0003489383962005377,0.0006302859401330352,0.00045615615090355277,0.0004987233717039565,0.00016098064952529967,0.0001500422804383561,7.169593300204724e-05,0.00029077858198434114,0.00021044490858912468,0.0001961290545295924,9.301170939579606e-05,0.00037864697515033185,0.0002300831395736653,0.003454865887761116,/Users/kkreth/PycharmProjects/data/Final_Cubed_OG_Data_wLatent/4p6/0834.pkl.gz
1105.pkl.gz,26448,375,0.0005295093287713826,0.0009921500459313393,0.0006902843597345054,0.0007625977674919594,0.00024428596952930093,0.0002258333406643942,0.00011614948743954301,0.0004577224899549037,0.0003184585948474705,0.0002954057708848268,0.00014953751815482974,0.0005937516107223928,0.0003518199387797683,0.0055662766098976135,/Users/kkreth/PycharmProjects/data/Final_Cubed_OG_Data_wLatent/6p6/1105.pkl.gz
1190.pkl.gz,26448,375,0.0006560771143995225,0.0011502131819725037,0.0008566929609514773,0.000932217223564807,0.0003026772174052894,0.00028940505580976605,0.0001321941235801205,0.0005306439707055688,0.00039523019222542644,0.00038001255597919226,0.00016957495245151222,0.0006864088936708868,0.00043007278648993496,0.005666755139827728,/Users/kkreth/PycharmProjects/data/Final_Cubed_OG_Data_wLatent/8p4/1190.pkl.gz
1200.pkl.gz,26448,375,0.000652519753202796,0.0012080633314326406,0.0008527323952876031,0.0009302271714322777,0.00030103608150966465,0.00026561145205050707,0.00013499964552465826,0.0005573327653110027,0.0003934029955416918,0.0003501495812088251,0.00017148723418358713,0.0007185383001342416,0.0004291546841444488,0.005453020334243774,/Users/kkreth/PycharmProjects/data/Final_Cubed_OG_Data_wLatent/11p4/1200.pkl.gz
0997.pkl.gz,26448,375,0.000633910414762795,0.0010959517676383257,0.0008265923825092614,0.0008944079077208729,0.00029245077166706324,0.0002821322123054415,0.0001230842899531126,0.0005056107183918357,0.00038134344504214823,0.0003683758550323546,0.00015760891255922616,0.0006520595634356141,0.00041262996791036673,0.00629761815071106,/Users/kkreth/PycharmProjects/data/Final_Cubed_OG_Data_wLatent/7p8/0997.pkl.gz
0776.pkl.gz,26448,375,0.0007218927494250238,0.0013140103546902537,0.0009412695653736591,0.001030419061164985,0.0003330408944748342,0.000312258955091238,0.00015097347204573452,0.0006062109023332596,0.0004342491156421602,0.0004085648397449404,0.00019342079758644104,0.0007821094477549195,0.00047537772534036316,0.005149528384208679,/Users/kkreth/PycharmProjects/data/Final_Cubed_OG_Data_wLatent/8p4/0776.pkl.gz
0312.pkl.gz,26448,375,0.00019179242372047156,0.00034136362955905497,0.00024887919425964355,0.00027084477822666433,8.84822802618146e-05,7.885511149652302e-05,3.851971632684581e-05,0.0001574860798427835,0.00011481891851872206,0.00010293445666320622,4.929267743136734e-05,0.00020341749768704176,0.00012495258343755118,0.0014548636972904205,/Users/kkreth/PycharmProjects/data/Final_Cubed_OG_Data_wLatent/3p6/0312.pkl.gz
0235.pkl.gz,26448,375,0.0007738176500424743,0.0014426634879782796,0.001010991632938385,0.0011215786732549993,0.00035699611180461943,0.00033206725493073463,0.00017342442879453301,0.0006655642064288259,0.0004664149309974164,0.00043328822357580066,0.00022404130140785128,0.0008680670289322734,0.0005174331910027936,0.006587356328964233,/Users/kkreth/PycharmProjects/data/Final_Cubed_OG_Data_wLatent/8p4/0235.pkl.gz
1072.pkl.gz,26448,375,0.0006041211308911443,0.001155378413386643,0.0007877848693169653,0.0008659001415858239,0.000278707651887089,0.0002582025481387973,0.00012992635311093181,0.000533027108758688,0.00036343984538689256,0.00033901745337061584,0.0001658135442994535,0.0006867541815154254,0.0003994779598869929,0.005466073751449585,/Users/kkreth/PycharmProjects/data/Final_Cubed_OG_Data_wLatent/7p8/1072.pkl.gz
0327.pkl.gz,26448,375,0.0006980584585107863,0.0014276078436523676,0.0009110026294365525,0.0010314707481818529,0.0003220450889784843,0.00027418890385888517,0.00017310635303147137,0.0006586184026673436,0.00042028562165796757,0.00035920925438404083,0.00022317166440188885,0.0008521525305695832,0.0004758629831502309,0.006914049386978149,/Users/kkreth/PycharmProjects/data/Final_Cubed_OG_Data_wLatent/11p4/0327.pkl.gz
0726.pkl.gz,26448,375,0.000610547314863652,0.001308213104493916,0.0007962715462781489,0.0009065426850930371,0.0002816723135765642,0.000235487095778808,0.00015513476682826877,0.000603536085691303,0.0003673550672829151,0.00030796817736700177,0.00019991205772385,0.0007821896579116583,0.0004182280516249429,0.0060193524695932865,/Users/kkreth/PycharmProjects/data/Final_Cubed_OG_Data_wLatent/11p4/0726.pkl.gz
0409.pkl.gz,26448,375,0.000737928319722414,0.0013576634228229523,0.0009649863350205123,0.0010643429431534063,0.00034043879713863134,0.00031499401666224003,0.00016148763825185597,0.0006263498798944056,0.00044519067159853876,0.0004142668913118541,0.0002071568014798686,0.000810246798209846,0.0004910280560116734,0.006339555606245995,/Users/kkreth/PycharmProjects/data/Final_Cubed_OG_Data_wLatent/7p8/0409.pkl.gz
1126.pkl.gz,26448,375,0.000634928175713867,0.0011889897286891937,0.0008270636899396777,0.000908042065818565,0.0002929203037638217,0.0002727006212808192,0.00013472272257786244,0.0005485332803800702,0.00038156085065566003,0.0003558462194632739,0.00017293094424530864,0.0007109982543624938,0.0004189198977856849,0.005317650735378265,/Users/kkreth/PycharmProjects/data/Final_Cubed_OG_Data_wLatent/7p2/1126.pkl.gz
1069.pkl.gz,26448,375,0.0006088788504712284,0.0012031150981783867,0.0007954633329063654,0.0008884569741693164,0.0002809026336763054,0.00024176992883440107,0.0001423360372427851,0.0005550498608499765,0.0003669822763185948,0.00031830978696234524,0.0001825623185141012,0.0007169262389652431,0.0004098838896058509,0.005396835505962372,/Users/kkreth/PycharmProjects/data/Final_Cubed_OG_Data_wLatent/11p4/1069.pkl.gz
0682.pkl.gz,26448,375,0.0006896312115713954,0.0012454262468963861,0.0009013969101943076,0.0009806994616340405,0.0003181571955792606,0.0003062186879105866,0.00013797509018331766,0.0005745699163526297,0.00041585403960198164,0.0003997578751295805,0.00017823358939494938,0.0007513754535466433,0.00045243993081227866,0.00716882199048996,/Users/kkreth/PycharmProjects/data/Final_Cubed_OG_Data_wLatent/7p2/0682.pkl.gz
0478.pkl.gz,26448,375,0.0005975909880362451,0.0012034457176923752,0.0007790279341861606,0.000872396614508752,0.0002756949979811907,0.00023525318829342723,0.00014125602319836617,0.0005552024813368917,0.00035939988447353244,0.00030768505530431867,0.00018115669081453234,0.0007149985176511109,0.0004024749252438431,0.006131406873464584,/Users/kkreth/PycharmProjects/data/Final_Cubed_OG_Data_wLatent/11p4/0478.pkl.gz
0474.pkl.gz,26448,375,0.00018181270570494235,0.0003353490901645273,0.00023655217955820262,0.00025865310436404813,8.387820707866922e-05,7.523471140302718e-05,3.7550838897004724e-05,0.00015471129154320806,0.00010913194273598492,9.811322524910793e-05,4.826393342227675e-05,0.00019967174739576876,0.00011932804852966606,0.001975047867745161,/Users/kkreth/PycharmProjects/data/Final_Cubed_OG_Data_wLatent/3p6/0474.pkl.gz
0619.pkl.gz,26448,375,0.0004606006550602615,0.0009153768187388778,0.0006015179678797722,0.0006773616803654439,0.00021249533165246248,0.0001795179268810898,0.00011175764666404575,0.00042230356484651566,0.0002775067405309528,0.00023603130830451846,0.00014368075062520802,0.0005447421572171152,0.00031249657406019825,0.0047454144805669785,/Users/kkreth/PycharmProjects/data/Final_Cubed_OG_Data_wLatent/6p4/0619.pkl.gz
1194.pkl.gz,26448,375,0.0005266241496428847,0.0010144473053514957,0.0006848049233667552,0.0007630298978124436,0.00024295489129144698,0.00021481163275893778,0.00012081542081432417,0.00046800923882983625,0.0003159306652378291,0.00028078851755708456,0.0001552591274958104,0.0006051526288501918,0.00035201923906214797,0.004177231341600418,/Users/kkreth/PycharmProjects/data/Final_Cubed_OG_Data_wLatent/6p6/1194.pkl.gz
0271.pkl.gz,26448,375,0.00047818809980526567,0.0009251826559193432,0.0006247949786484241,0.0006990885248279125,0.00022060921764932573,0.00019242805137764663,0.00011270710820099339,0.00042682752246037126,0.0002882454136852175,0.00025306461611762643,0.00014468545850832015,0.0005526966415345669,0.0003225202867532696,0.004409660119563341,/Users/kkreth/PycharmProjects/data/Final_Cubed_OG_Data_wLatent/6p4/0271.pkl.gz
0507.pkl.gz,26448,375,0.00050736078992486,0.0010907206451520324,0.0006637987680733204,0.0007629967459385931,0.00023406783293467015,0.00019932183204218745,0.00013362760364543647,0.0005031975451856852,0.000306239613564685,0.0002616233832668513,0.00017356270109303296,0.0006571231060661376,0.00035200385793141627,0.005204923450946808,/Users/kkreth/PycharmProjects/data/Final_Cubed_OG_Data_wLatent/6p4/0507.pkl.gz
1059.pkl.gz,26448,375,0.0002002566761802882,0.0003617379115894437,0.00025942406500689685,0.00028220951937281934,9.23872139537707e-05,8.394605538342148e-05,3.987845411757007e-05,0.00016688562755007297,0.00011968375474680215,0.00010911127901636064,5.1251343393232673e-05,0.00021548174845520407,0.00013019557180001833,0.0016472134739160538,/Users/kkreth/PycharmProjects/data/Final_Cubed_OG_Data_wLatent/3p6/1059.pkl.gz
0037.pkl.gz,26448,375,0.0006728016305714846,0.0012509729713201523,0.0008773456793278456,0.0009587281843350661,0.0003103930503129959,0.0002830711309798062,0.00013911696441937238,0.0005771288997493684,0.000404758146032691,0.00037025404162704945,0.00017833446327131242,0.0007490424904972315,0.0004423036553253631,0.005537047050893307,/Users/kkreth/PycharmProjects/data/Final_Cubed_OG_Data_wLatent/8p4/0037.pkl.gz
0967.pkl.gz,26448,375,0.0005604514735750854,0.0009653843590058386,0.0007304209284484386,0.0007876954042752415,0.0002585609327070415,0.00025112571893259883,0.00010530096187721938,0.0004453744040802121,0.00033697529579512775,0.00032733730040490627,0.00013603712432086468,0.0005768797127529979,0.0003633986822702027,0.004930545575916767,/Users/kkreth/PycharmProjects/data/Final_Cubed_OG_Data_wLatent/7p2/0967.pkl.gz
0479.pkl.gz,26448,375,0.0004651424242183566,0.0008619321160949767,0.0006070638773962855,0.0006729968228038756,0.00021459067647811025,0.00019578682258725166,0.0001039938724716194,0.00039764726534485817,0.0002800653164740652,0.0002571842633187771,0.00013402684999164194,0.0005156939732842147,0.0003104831634941757,0.004727896302938461,/Users/kkreth/PycharmProjects/data/Final_Cubed_OG_Data_wLatent/6p6/0479.pkl.gz
0806.pkl.gz,26448,375,0.0006735080387443304,0.0011572008952498436,0.0008754486916586757,0.0009408843279865418,0.00031071886769495904,0.0003035989066120237,0.0001238519762409851,0.0005338677437976003,0.0004038830229546875,0.0003953595878556371,0.0001590484316693619,0.0006889022188261151,0.0004340712747086998,0.007348259445279837,/Users/kkreth/PycharmProjects/data/Final_Cubed_OG_Data_wLatent/7p2/0806.pkl.gz
1100.pkl.gz,26448,375,0.0006101795006543398,0.0011698661837726831,0.0007949185092002153,0.000889074453870361,0.0002815026673488319,0.0002499250113032758,0.00014324959192890674,0.000539710745215416,0.00036673087743110955,0.0003274999908171594,0.00018370462930761278,0.0006977995508350432,0.0004101693532775759,0.005339663475751877,/Users/kkreth/PycharmProjects/data/Final_Cubed_OG_Data_wLatent/10p4/1100.pkl.gz
0495.pkl.gz,26448,375,0.0006971848197281361,0.0012821259442716837,0.0009090960957109928,0.001005917511628939,0.00032164203003048897,0.0003059488954022527,0.0001545355044072494,0.0005915011279284954,0.00041940604569390416,0.0004010169650427997,0.0001986537390621379,0.00076482497388497,0.0004640741241075079,0.00564739853143692,/Users/kkreth/PycharmProjects/data/Final_Cubed_OG_Data_wLatent/7p8/0495.pkl.gz
0536.pkl.gz,26448,375,0.00048528300249017775,0.0009695502230897546,0.000632796436548233,0.0007124708717752714,0.00022388237994164228,0.00019782673916779459,0.00011743355571525171,0.00044729618821293116,0.00029193685622885823,0.00025954877492040396,0.0001510388683527708,0.0005796130280941725,0.0003286942005707791,0.004367697983980179,/Users/kkreth/PycharmProjects/data/Final_Cubed_OG_Data_wLatent/6p4/0536.pkl.gz
1048.pkl.gz,26448,375,0.0003530440735630691,0.0006332685588859022,0.0004607456212397665,0.0005003755648967795,0.00016287477046716958,0.00015537484432570636,6.964963540667668e-05,0.0002921546983998269,0.00021256222680676728,0.00020282482728362083,9.003776358440518e-05,0.0003796689270529896,0.00023084516489181524,0.0031556151807308197,/Users/kkreth/PycharmProjects/data/Final_Cubed_OG_Data_wLatent/4p6/1048.pkl.gz
0490.pkl.gz,26448,375,0.0003809835179708898,0.0006639863131567836,0.0004949661088176072,0.0005388064454762722,0.00017576446407474577,0.00017126588500104845,7.635254587512463e-05,0.0003063261683564633,0.00022834967239759862,0.0002230406680610031,9.821398271014914e-05,0.0003956223663408309,0.00024857512367403614,0.0037289559841156006,/Users/kkreth/PycharmProjects/data/Final_Cubed_OG_Data_wLatent/5p2/0490.pkl.gz
0898.pkl.gz,26448,375,0.00042577902786433697,0.0008916378137655556,0.000557017105165869,0.0006332386015758168,0.0001964305993169546,0.00017466285498812795,0.00010628436575643718,0.00041135179344564676,0.0002569765201769769,0.00022770461509935558,0.00013895797019358724,0.0005393211031332612,0.00029214083104935615,0.005105946213006973,/Users/kkreth/PycharmProjects/data/Final_Cubed_OG_Data_wLatent/5p2/0898.pkl.gz
0348.pkl.gz,26448,375,0.000505984527990222,0.0009834743104875088,0.0006605404778383672,0.0007366946983430338,0.0002334329328732565,0.00020962953567504883,0.00011688156519085169,0.0004537200147751719,0.0003047364007215947,0.000274288235232234,0.0001504897663835436,0.0005881920806132257,0.0003398697821732374,0.004750020802021027,/Users/kkreth/PycharmProjects/data/Final_Cubed_OG_Data_wLatent/6p6/0348.pkl.gz
0812.pkl.gz,26448,375,0.0006339676911011338,0.00122046226169914,0.0008297316380776465,0.0009311115807899207,0.0002924771688412875,0.0002546317991800606,0.00015162010095082223,0.0005630531231872737,0.00038279173895716667,0.0003369477344676852,0.00019492220599204302,0.0007305598701350391,0.00042956274766172293,0.006712920963764191,/Users/kkreth/PycharmProjects/data/Final_Cubed_OG_Data_wLatent/10p4/0812.pkl.gz
0669.pkl.gz,26448,375,0.0006602465873584151,0.0012166157830506563,0.0008618596475571394,0.000943791441614313,0.0003046008350793272,0.0002932873903773725,0.00013752479571849108,0.000561278429813683,0.0003976138250436634,0.000381968857254833,0.00017744686920195818,0.0007284751627594233,0.00043541252980200726,0.005620489828288555,/Users/kkreth/PycharmProjects/data/Final_Cubed_OG_Data_wLatent/7p2/0669.pkl.gz
0318.pkl.gz,26448,375,0.00019168762082699686,0.00033856366644613445,0.00024893166846595705,0.00026993849287427146,8.843393879942596e-05,8.066766895353794e-05,3.73996481357608e-05,0.0001561943645356223,0.00011484314745757729,0.00010489949636394158,4.81653114547953e-05,0.0002019791427301243,0.00012453453061658361,0.0014662891626358032,/Users/kkreth/PycharmProjects/data/Final_Cubed_OG_Data_wLatent/3p6/0318.pkl.gz
0592.pkl.gz,26448,375,0.00044549841550178826,0.0008836120250634849,0.0005799721111543477,0.0006463614304573101,0.00020552804926410317,0.000182939664227888,0.00010268463665852323,0.00040764911682344973,0.00026756664738059044,0.00023814954329282045,0.00013163709081709385,0.0005280518089421093,0.00029819485967202166,0.0042551737278699875,/Users/kkreth/PycharmProjects/data/Final_Cubed_OG_Data_wLatent/6p6/0592.pkl.gz
1173.pkl.gz,26448,375,0.0006029962678439915,0.0010781735181808472,0.000786680611781776,0.0008549224167442074,0.000278188701486215,0.00026236960547976196,0.00012036690895911306,0.0004974087933078408,0.0003629304119385779,0.00034379109274595976,0.0001544128026580438,0.0006419303826987743,0.0003944132259200307,0.004878615960478783,/Users/kkreth/PycharmProjects/data/Final_Cubed_OG_Data_wLatent/7p8/1173.pkl.gz
0970.pkl.gz,26448,375,0.0004883187357336283,0.0009431270882487297,0.0006381690036505461,0.0007120780292001226,0.00022528294357471168,0.00020049716113135219,0.0001130940145230852,0.00043510610703378916,0.0002944154548458755,0.000262860965449363,0.00014574058877769858,0.0005633053951896727,0.000328512890876563,0.004580823704600334,/Users/kkreth/PycharmProjects/data/Final_Cubed_OG_Data_wLatent/6p6/0970.pkl.gz
0787.pkl.gz,26448,375,0.00031266306177712977,0.0005567340413108468,0.0004076640761923045,0.00044282892864840577,0.00014424521941691637,0.00013494510494638234,6.15451717749238e-05,0.0002568459021858871,0.00018807339074555784,0.00017639882571529597,7.978365465532988e-05,0.00033383737900294363,0.00020429645681394428,0.0026504192501306534,/Users/kkreth/PycharmProjects/data/Final_Cubed_OG_Data_wLatent/4p6/0787.pkl.gz
0525.pkl.gz,26448,375,0.0003751200856640935,0.0006730128079652786,0.000488966703414917,0.0005346768803696179,0.00017305943765677512,0.00016475080337841064,7.725177420070395e-05,0.0003104904608335346,0.00022558185446541756,0.00021497474517673254,9.97942261165008e-05,0.0004038221959490329,0.000246670047125179,0.003162173554301262,/Users/kkreth/PycharmProjects/data/Final_Cubed_OG_Data_wLatent/5p2/0525.pkl.gz
0743.pkl.gz,26448,375,0.0003469861112535,0.0006417340482585132,0.00045149156358093023,0.0004979991434808391,0.00016007997328415513,0.00015066159539856017,7.423356146318838e-05,0.0002960601996164769,0.0002082929277094081,0.00019591973978094757,9.694630716694519e-05,0.0003875735856126994,0.00022974883840382466,0.0038949064910411835,/Users/kkreth/PycharmProjects/data/Final_Cubed_OG_Data_wLatent/5p2/0743.pkl.gz
0251.pkl.gz,26448,375,0.0007518769125454128,0.0014204437611624599,0.0009843900334089994,0.0010947252256583225,0.0003468738868832588,0.000321210507536307,0.00017038072110153735,0.000655313313473016,0.0004541424277704209,0.00042220178875140846,0.00022096402244642377,0.0008564350428059697,0.0005050448679517069,0.006733965128660202,/Users/kkreth/PycharmProjects/data/Final_Cubed_OG_Data_wLatent/8p4/0251.pkl.gz
0117.pkl.gz,26448,375,0.0004753667744807899,0.0009313229820691049,0.0006225957185961306,0.0007004831175834936,0.00021930760703980923,0.00019734035595320165,0.00011405361874494702,0.000429660314694047,0.0002872307668440044,0.00026050288579426706,0.00014809845015406609,0.0005598341813310981,0.00032316345581571195,0.0040997788310050964,/Users/kkreth/PycharmProjects/data/Final_Cubed_OG_Data_wLatent/6p4/0117.pkl.gz
0366.pkl.gz,26448,375,0.0007204498979263008,0.0013514116872102022,0.0009387179743498564,0.00104126873571855,0.00033237526076845825,0.00031452899565920234,0.00016149345901794732,0.0006234656320884824,0.0004330718657001853,0.0004100498335901648,0.00020788544497918338,0.0008057623635977507,0.00048038286450229246,0.007924415171146393,/Users/kkreth/PycharmProjects/data/Final_Cubed_OG_Data_wLatent/7p2/0366.pkl.gz
0491.pkl.gz,26448,375,0.0006742727709934115,0.001159205916337669,0.0008783859666436911,0.0009496445453024097,0.00031107175163924694,0.00030387891456484795,0.00012879224959760904,0.0005347927217371762,0.000405238097300753,0.00039572821697220206,0.00016650790348649025,0.0006937730358913541,0.0004381126931861188,0.006037349812686443,/Users/kkreth/PycharmProjects/data/Final_Cubed_OG_Data_wLatent/7p2/0491.pkl.gz
1200.pkl.gz,26448,375,0.00037664594128727913,0.0006358333630487323,0.0004908778355456889,0.0005270343941115235,0.00017376332834828645,0.00016891598352231085,6.861573638161644e-05,0.00029333788552321494,0.00022646354045718908,0.00022076562163420022,8.850621088640764e-05,0.0003801597049459815,0.00024314428140959182,0.002966249594464898,/Users/kkreth/PycharmProjects/data/Final_Cubed_OG_Data_wLatent/4p6/1200.pkl.gz
0821.pkl.gz,26448,375,0.00036462981370277703,0.0006480477168224752,0.0004758447175845504,0.000516671709376326,0.00016821979079395533,0.00015950985834933817,7.192038901848719e-05,0.0002989729109685868,0.0002195281267631799,0.00020832501468248665,9.286811837228015e-05,0.0003869005595333874,0.00023836334900110114,0.003160826861858368,/Users/kkreth/PycharmProjects/data/Final_Cubed_OG_Data_wLatent/4p6/0821.pkl.gz
0812.pkl.gz,26448,375,0.0006507110083475709,0.0011310696136206388,0.0008487016311846673,0.0009126741684005237,0.00030020164558663964,0.00028750969795510173,0.000120434386190027,0.0005218122969381511,0.0003915433771908283,0.0003752358315978199,0.00015486309712287039,0.0006749138701707125,0.00042105672842826953,0.005282692611217499,/Users/kkreth/PycharmProjects/data/Final_Cubed_OG_Data_wLatent/7p2/0812.pkl.gz
0914.pkl.gz,26448,375,0.000714403111487627,0.0014813791494816542,0.0009338282980024815,0.0010567670543639301,0.00032958557130768895,0.00028101360658183694,0.00017736450536176562,0.0006834257510490716,0.0004308161442168057,0.00036963337333872914,0.0002282240748172626,0.0008873936021700501,0.00048753308672481267,0.00806158035993576,/Users/kkreth/PycharmProjects/data/Final_Cubed_OG_Data_wLatent/10p4/0914.pkl.gz
0441.pkl.gz,26448,375,0.0004922263906337321,0.0009295765194110572,0.0006427798653021455,0.0007126600133446896,0.0002270857075927779,0.0002011009055422619,0.00011013804760295898,0.0004288546333555132,0.0002965426247101277,0.00026441473164595664,0.00014198446297086775,0.0005583596066571772,0.0003287812628658397,0.004844090901315212,/Users/kkreth/PycharmProjects/data/Final_Cubed_OG_Data_wLatent/6p6/0441.pkl.gz
0989.pkl.gz,26448,375,0.0005044503486715257,0.0010046128882095218,0.0006595278391614556,0.0007394747002757909,0.0002327251568203792,0.0002083396102534607,0.0001195951335830614,0.00046347215538844466,0.00030426919693127275,0.0002735457965172827,0.00015428909682668746,0.0006037615239620209,0.00034115209845235077,0.004206128418445587,/Users/kkreth/PycharmProjects/data/Final_Cubed_OG_Data_wLatent/6p6/0989.pkl.gz
0281.pkl.gz,26448,375,0.0006285114213824272,0.001206768094561994,0.0008197871502488852,0.0009147265528244075,0.0002899599785450846,0.0002623528416734189,0.00014590112550649792,0.000556735263671726,0.0003782038693316281,0.0003439818974584341,0.0001872135471785441,0.000718304596375674,0.00042200361267113497,0.005251353606581688,/Users/kkreth/PycharmProjects/data/Final_Cubed_OG_Data_wLatent/7p8/0281.pkl.gz
1024.pkl.gz,26448,375,0.0006671544397249818,0.0012691715965047479,0.0008688626112416387,0.0009709739113213673,0.00030778770451433957,0.00027488439809530973,0.00015495777188334614,0.0005855247145518661,0.0004008445830550045,0.00035826099338009953,0.00019996429909951985,0.0007586788269691169,0.00044795318688082945,0.005579063668847084,/Users/kkreth/PycharmProjects/data/Final_Cubed_OG_Data_wLatent/10p4/1024.pkl.gz
0905.pkl.gz,26448,375,0.00018859848205465823,0.0003518045414239168,0.0002450209285598248,0.00026942987304748425,8.700878242962062e-05,7.732457015663385e-05,4.0242561226477847e-05,0.00016230292385444045,0.00011303892824798822,0.00010097729682456702,5.169776704860851e-05,0.00020966680312994868,0.00012429985976464817,0.0016562743112444878,/Users/kkreth/PycharmProjects/data/Final_Cubed_OG_Data_wLatent/3p6/0905.pkl.gz
1166.pkl.gz,26448,375,0.0005864354898221791,0.001126935938373208,0.0007648550672456622,0.0008546140157649079,0.00027054850943386555,0.00023809325648471713,0.0001367565564578399,0.0005199050065129995,0.0003528613306116313,0.00031255651265382767,0.0001758938014972955,0.0006728231674060225,0.0003942712046596606,0.0052057066932320595,/Users/kkreth/PycharmProjects/data/Final_Cubed_OG_Data_wLatent/10p4/1166.pkl.gz
0796.pkl.gz,26448,375,0.0007377681904472411,0.0012915544211864471,0.0009616991737857461,0.0010456659990292294,0.0003403649025131017,0.00032227335032075644,0.00014804542297497392,0.0005958509282208979,0.00044367415830492973,0.000420631084125489,0.00018940521113108844,0.0007699041743762791,0.0004824117602066982,0.005925199016928673,/Users/kkreth/PycharmProjects/data/Final_Cubed_OG_Data_wLatent/8p4/0796.pkl.gz
0654.pkl.gz,26448,375,0.0006527303485199809,0.0011999508133158088,0.0008520805276930332,0.000929273015231796,0.0003011332591995597,0.00028740742709487677,0.00013182108523324132,0.0005535901291295886,0.00039310226566158235,0.000374679482774809,0.00017107551684603095,0.0007189141470007598,0.0004287145608959339,0.006118291988968849,/Users/kkreth/PycharmProjects/data/Final_Cubed_OG_Data_wLatent/7p2/0654.pkl.gz
0524.pkl.gz,26448,375,0.0005928659811615944,0.0011339986231178045,0.000772324507124722,0.00085884984379822,0.00027351517928764224,0.00024141017638612539,0.00013504130765795708,0.0005231634713709354,0.000356307253241539,0.00031842468888498843,0.00017331955314148217,0.0006771408370696008,0.00039622528226958585,0.0062924642115831375,/Users/kkreth/PycharmProjects/data/Final_Cubed_OG_Data_wLatent/10p4/0524.pkl.gz
0623.pkl.gz,26448,375,0.000647453183773905,0.0012100401800125837,0.0008459208183921874,0.0009348085109441075,0.00029869869467802346,0.000272866222076118,0.00014202974853105843,0.0005582448211498559,0.00039026045124046504,0.0003574975999072194,0.00018354631902184337,0.000726964557543397,0.00043126850008300713,0.0055822283029556274,/Users/kkreth/PycharmProjects/data/Final_Cubed_OG_Data_wLatent/7p8/0623.pkl.gz
1167.pkl.gz,26448,375,0.0005768077680841088,0.0011291687842458487,0.000753749452996999,0.0008441636972752401,0.0002661067992448807,0.0002363458916079253,0.0001357716682832688,0.0005209353985264897,0.00034773777588270605,0.00030984790646471083,0.00017535568622406572,0.0006758079398423433,0.0003894501079230141,0.005152730271220207,/Users/kkreth/PycharmProjects/data/Final_Cubed_OG_Data_wLatent/6p6/1167.pkl.gz
0419.pkl.gz,26448,375,0.00038337078876793385,0.000682330341078341,0.0004991365130990744,0.0005440158214020231,0.00017686584033071995,0.00016766434418968856,7.785050547681749e-05,0.00031478898017667234,0.0002302736247656867,0.0002195871202275157,9.982096526073292e-05,0.00040650300798006356,0.00025097839257117745,0.0027290359139442444,/Users/kkreth/PycharmProjects/data/Final_Cubed_OG_Data_wLatent/5p2/0419.pkl.gz
0646.pkl.gz,26448,375,0.0006804170552641153,0.001227238797582686,0.000889379414729774,0.0009795868272223793,0.0003139063192065805,0.0002913975913543254,0.00014686853683087975,0.0005661793984472752,0.0004103098763152957,0.000382873258786276,0.00018942927999887615,0.0007358146831393242,0.00045192656745302533,0.005817141383886337,/Users/kkreth/PycharmProjects/data/Final_Cubed_OG_Data_wLatent/7p8/0646.pkl.gz
1127.pkl.gz,26448,375,0.0006735544884577394,0.0013292322400957346,0.000878036255016923,0.0009892037702527617,0.00031074031721800566,0.00026487704599276185,0.0001631155755603686,0.0006132333073765039,0.00040507683297619224,0.00034715462243184447,0.00021019105042796582,0.0007956168265081942,0.0004563631641555274,0.007938332855701447,/Users/kkreth/PycharmProjects/data/Final_Cubed_OG_Data_wLatent/11p4/1127.pkl.gz
0750.pkl.gz,26448,375,0.00032049353467300534,0.0005757628823630512,0.0004181496915407479,0.00045709119764676296,0.00014785777602810413,0.00013948116975370795,6.56888514640741e-05,0.0002656248689163476,0.0001929108693730086,0.00018251992878504097,8.517157402820885e-05,0.00034514686558395624,0.00021087622960043185,0.0026458948850631714,/Users/kkreth/PycharmProjects/data/Final_Cubed_OG_Data_wLatent/4p6/0750.pkl.gz
0762.pkl.gz,26448,375,0.0006269286386668682,0.0012454376555979252,0.0008215510752052069,0.0009240826397374746,0.00028922976343892515,0.0002497631940059364,0.00015171107952482998,0.0005745752714574337,0.0003790176415350288,0.0003283141413703561,0.00019517783948685974,0.0007494632736779749,0.0004263201206922841,0.006236561574041843,/Users/kkreth/PycharmProjects/data/Final_Cubed_OG_Data_wLatent/10p4/0762.pkl.gz
1122.pkl.gz,26448,375,0.0006299789529293776,0.0011701704934239388,0.0008233364205807447,0.0009060335776525653,0.0002906370209529996,0.00026669036014936864,0.00013638200471177697,0.0005398509674705565,0.0003798413381446153,0.0003509702510200441,0.00017446752463001758,0.0006961778271943331,0.0004179931757134045,0.0057318732142448425,/Users/kkreth/PycharmProjects/data/Final_Cubed_OG_Data_wLatent/10p4/1122.pkl.gz
1165.pkl.gz,26448,375,0.00039081781869754195,0.000766121142078191,0.0005087280296720564,0.0005668176456993571,0.00018030147475656122,0.0001658937253523618,8.931893535191193e-05,0.00035344535717740655,0.0002346986293559894,0.00021655182354152203,0.00011531569907674566,0.00045890064211562276,0.00026149779753803433,0.0034985740203410387,/Users/kkreth/PycharmProjects/data/Final_Cubed_OG_Data_wLatent/5p2/1165.pkl.gz
0822.pkl.gz,26448,375,0.000707602477632463,0.0012254713801667094,0.000921876635402441,0.0010048684396117892,0.00032644817838445306,0.00031296859378926456,0.0001436233869753778,0.0005653638509102166,0.0004253022780176252,0.0004088821879122406,0.0001844821235863492,0.0007329751970246434,0.0004635899222052961,0.005111868493258953,/Users/kkreth/PycharmProjects/data/Final_Cubed_OG_Data_wLatent/8p4/0822.pkl.gz
0425.pkl.gz,26448,375,0.0003909636288881302,0.0006865633768029511,0.0005081361159682274,0.0005558903905333909,0.00018036873370874673,0.00017254689009860158,8.069055184023455e-05,0.00031674199271947145,0.00023442554811481386,0.0002246061631012708,0.0001039938215399161,0.00040714690112508833,0.00025645669869285093,0.003956504166126251,/Users/kkreth/PycharmProjects/data/Final_Cubed_OG_Data_wLatent/5p2/0425.pkl.gz
0145.pkl.gz,26448,375,0.00034889960079453886,0.0005991391954012215,0.00045515314559452236,0.0004928104820947491,0.00016096273611765355,0.00015572889242321253,6.731504254275933e-05,0.0002764092350844294,0.00020998218678869307,0.00020308891544118524,8.716557204024866e-05,0.0003600360651034862,0.00022735500101724143,0.0033329129219055176,/Users/kkreth/PycharmProjects/data/Final_Cubed_OG_Data_wLatent/4p6/0145.pkl.gz
0051.pkl.gz,26448,375,0.0006824785377830267,0.0013985801488161087,0.0008884983253665268,0.0010036708031662973,0.0003148574032820761,0.0002813425671774894,0.00016846820653881878,0.0006452265661209822,0.0004099033831153065,0.00036898115649819374,0.0002153666428057477,0.0008344545494765043,0.00046303722418098456,0.007602769881486893,/Users/kkreth/PycharmProjects/data/Final_Cubed_OG_Data_wLatent/7p8/0051.pkl.gz
0343.pkl.gz,26448,375,0.0005103293806314468,0.000996883725747466,0.0006660333601757884,0.0007437733445824279,0.00023543743009213358,0.00020760431652888656,0.00011877608631039038,0.00045990635408088565,0.00030727050034329295,0.0002717910974752158,0.00015273089229594916,0.0005962900468148291,0.0003431353309943577,0.004644259810447693,/Users/kkreth/PycharmProjects/data/Final_Cubed_OG_Data_wLatent/6p6/0343.pkl.gz
0901.pkl.gz,26448,375,0.0005018530646339059,0.0009584513609297574,0.0006559999310411513,0.0007304214951786264,0.00023152693756856024,0.00020663556642830372,0.00011535528756212443,0.00044217583490535617,0.00030264159431681037,0.00027081306325271726,0.00014819104399066418,0.0005683470517396927,0.0003369755642976248,0.004453795030713081,/Users/kkreth/PycharmProjects/data/Final_Cubed_OG_Data_wLatent/6p6/0901.pkl.gz
0821.pkl.gz,26448,375,0.00039430445758625865,0.0007422633934766054,0.0005143239977769554,0.0005817796350596104,0.0001819099998101592,0.0001705521426629275,9.591129492036998e-05,0.00034243884147144854,0.00023728032829239964,0.00022237608209252357,0.0001254468079423532,0.0004480932839214802,0.0002684005824229016,0.005882013589143753,/Users/kkreth/PycharmProjects/data/Final_Cubed_OG_Data_wLatent/5p2/0821.pkl.gz
0921.pkl.gz,26448,375,0.0005802933592349291,0.001053954940289259,0.0007556251366622746,0.0008200744858875722,0.00026771490229293704,0.0002545280149206519,0.00011451340833446011,0.00048623577458783984,0.00034860314917750657,0.00033170392271131277,0.00014701797044835985,0.00062935909954831,0.0003783365376102646,0.004983644932508469,/Users/kkreth/PycharmProjects/data/Final_Cubed_OG_Data_wLatent/7p2/0921.pkl.gz
0116.pkl.gz,26448,375,0.0003813470248132944,0.0007164806593209505,0.0004960141377523541,0.0005476762008856186,0.0001759321748977527,0.00016754746320657432,8.336302562383935e-05,0.00033054404775612056,0.0002288331597810611,0.00021892334916628897,0.00010712674702517688,0.00042688826215453446,0.00025266733024617024,0.003525426611304283,/Users/kkreth/PycharmProjects/data/Final_Cubed_OG_Data_wLatent/5p2/0116.pkl.gz
0635.pkl.gz,26448,375,0.0003563758509699255,0.000665853382088244,0.0004650982446037233,0.0005111175827072157,0.0001644118456169963,0.00014910697063896805,7.561647362308577e-05,0.00030718755442649126,0.00021457030379679054,0.00019533303566277027,9.778429375728592e-05,0.00039825125713832676,0.0002358010296212272,0.003088356927037239,/Users/kkreth/PycharmProjects/data/Final_Cubed_OG_Data_wLatent/4p6/0635.pkl.gz
0509.pkl.gz,26448,375,0.0006618656916543841,0.001173727330751717,0.0008608633652329445,0.0009398539921188405,0.0003053477848879993,0.0002931425697170198,0.00013520584616344422,0.0005414920742623508,0.00039715415914542973,0.0003812520008068532,0.00017399493663106114,0.00070572440745309,0.0004335961587039284,0.007411051541566849,/Users/kkreth/PycharmProjects/data/Final_Cubed_OG_Data_wLatent/7p2/0509.pkl.gz
0356.pkl.gz,26448,375,0.0006934802513569593,0.0013960162177681923,0.0009039199794642627,0.0010189509680729378,0.00031993299489840865,0.0002699600299820304,0.00016931425489019603,0.0006440439610742033,0.00041701807640492916,0.00035397778265178204,0.00021697407646570355,0.0008317353785969317,0.0004700870018536314,0.006174538750201464,/Users/kkreth/PycharmProjects/data/Final_Cubed_OG_Data_wLatent/11p4/0356.pkl.gz
1021.pkl.gz,26448,375,0.0004674289666581899,0.0009352698689326644,0.0006110372487455606,0.0006869946236342066,0.00021564554481301457,0.00018915708642452955,0.00011237366561545059,0.0004314811376389116,0.0002818983921315521,0.0002485072473064065,0.0001448612893000245,0.0005576229305006564,0.00031694087074728703,0.004664845764636993,/Users/kkreth/PycharmProjects/data/Final_Cubed_OG_Data_wLatent/6p6/1021.pkl.gz
0355.pkl.gz,26448,375,0.0003301227989140898,0.0006233430467545986,0.00042883006972260773,0.00046803531590923177,0.00015230018470901996,0.00014172428927849978,6.722041871398687e-05,0.0002875755890272558,0.00019783817697316408,0.00018419610569253564,8.650888048578054e-05,0.00037137334584258497,0.00021592531831284408,0.0026521505787968636,/Users/kkreth/PycharmProjects/data/Final_Cubed_OG_Data_wLatent/4p6/0355.pkl.gz
1063.pkl.gz,26448,375,0.0006414616364054382,0.0012313034385442734,0.0008375200559385121,0.000932444790876475,0.0002959344710689038,0.0002634124830365181,0.000147043087054044,0.0005680546164512634,0.00038638486876152456,0.0003463027533143759,0.00018910210928879678,0.0007348012295551598,0.00043017775099379277,0.005740754306316376,/Users/kkreth/PycharmProjects/data/Final_Cubed_OG_Data_wLatent/10p4/1063.pkl.gz
0763.pkl.gz,26448,375,0.0005335964960977435,0.0010471617570146918,0.0006975940195843577,0.0007852741095730995,0.00024617151939310133,0.00022510692360810935,0.00012887694174423814,0.0004831017286051065,0.0003218308265786618,0.0002957202959805727,0.0001663513685343787,0.0006262119859457016,0.00036228148312357543,0.00490142498165369,/Users/kkreth/PycharmProjects/data/Final_Cubed_OG_Data_wLatent/6p4/0763.pkl.gz
0569.pkl.gz,26448,375,0.0003932435065507889,0.0007975411717779934,0.0005140163120813668,0.0005829801082446476,0.00018142053158953786,0.00016594165936112404,9.671486623119563e-05,0.00036794081097468734,0.000237138316151686,0.00021598333842121065,0.0001268932392122224,0.00048714366857893765,0.00026895430749660745,0.005115829408168793,/Users/kkreth/PycharmProjects/data/Final_Cubed_OG_Data_wLatent/5p2/0569.pkl.gz
0379.pkl.gz,26448,375,0.0007078013150021434,0.0013113734312355518,0.0009258860955014825,0.0010289568040761279,0.0003265398845542222,0.00030166844953782856,0.00016062577196862549,0.0006049942458048463,0.00042715203016996384,0.00039673654828220606,0.00020708460942842066,0.0007836880977265537,0.0004747030513247138,0.006458320654928684,/Users/kkreth/PycharmProjects/data/Final_Cubed_OG_Data_wLatent/7p8/0379.pkl.gz
