step,cx,cy,cz,ex,ey,ez,peak_x,peak_y,peak_z,n_core_points,omega_x,omega_y,omega_z
101,-29.0,-46.4,-21.0,0.0,16.0,0.0,-29,-31,-21,2,-0.0032800034599424627,-0.028984273617733116,-0.0016792745726625202
102,-29.0,-46.7,-21.0,0.0,16.0,0.0,-29,-31,-21,2,-0.0017916641473322364,-0.03467126972033894,-0.0026562445067275365
103,-29.0,-46.5,-21.0,0.0,16.0,0.0,-29,-31,-21,2,-0.001761973547724766,-0.03384014851001575,-0.00229781240056441
104,-29.0,-31.0,-21.0,0.0,0.0,0.0,-29,-31,-21,1,0.009150102734565735,-0.04475535824894905,-0.005630386061966419
105,-29.0,-46.6,-21.0,0.0,16.0,0.0,-29,-31,-21,2,-0.0022664356345335397,-0.03629661686682579,-0.0012874857586617611
106,-29.0,-38.6,-21.0,0.0,8.0,0.0,-29,-31,-21,2,-0.002997453178097835,0.006120083914190945,-0.006318274895105348
107,-29.0,-47.2,-21.0,0.0,16.0,0.0,-29,-63,-21,2,0.00017335106451684006,-0.044584320385147896,-0.0014295460017531149
108,-28.0,-36.4,-21.0,1.5,8.0,0.0,-29,-31,-21,3,-0.003830772952257493,0.00089136451472459,-0.015266461621677057
109,-29.0,-60.3,-11.1,0.0,12.0,15.5,-29,-63,-21,3,0.004817334714754646,-0.005200404222309139,-0.002747753721977473
110,-28.3,-61.1,-13.4,1.5,12.0,15.5,-29,-63,-21,4,0.0034707559870523442,0.0008128119311377152,-0.008368533585672423
111,-28.0,-57.8,-21.0,1.5,8.0,0.0,-29,-63,-21,3,-0.0029580028041216078,0.006367730920847067,-0.000543382862383478
112,-28.0,-57.9,-21.0,1.5,8.0,0.0,-29,-63,-21,3,-0.002340072177799555,0.006557615301690674,-0.00247253683147075
113,-28.0,-57.9,-21.0,1.5,8.0,0.0,-29,-63,-21,3,-0.0006752995957697011,0.007617888847403201,-0.0011498834517863663
114,-28.0,-57.9,-21.0,1.5,8.0,0.0,-29,-63,-21,3,0.0004827372151758894,0.009185150941974444,-0.0015733714691755973
115,-25.6,-35.6,-15.3,7.5,43.0,17.5,-29,-47,-21,6,-0.0016017709451647659,-0.0002358934878883547,-0.0037099357378469334
116,-19.6,-10.7,-21.0,9.5,31.0,0.0,-29,-47,-21,5,0.0024398885118387965,-0.006580950553566044,-0.005906039690330591
117,-23.3,-27.5,-21.0,7.5,31.0,0.0,-29,-47,-21,3,-0.003952801161433676,-0.002235516490005042,0.0030398071678773026
118,-23.3,-27.4,-21.0,7.5,31.0,0.0,-29,-47,-21,3,-0.004789390343831923,-0.002672653841408493,0.002767553124170185
119,-27.5,-47.0,-21.0,1.5,0.0,0.0,-29,-47,-21,2,-0.0045206309383300555,-0.04635762278211279,-0.005270511959704213
120,-26.4,-56.5,-21.0,3.5,8.0,0.0,-26,-63,-21,5,-0.0016696836281970128,0.005227329982804104,-0.005422015366330315
121,-25.7,-55.1,-21.0,3.5,8.0,0.0,-26,-63,-21,6,-0.0018777138634205046,0.0020371287429039584,-0.009587408673465858
122,-24.6,-56.1,-21.0,5.5,8.0,0.0,-26,-63,-21,7,-0.0014602276751019135,0.005042925937411693,-0.006124426073333308
123,-25.6,-47.0,-21.0,3.5,0.0,0.0,-26,-47,-21,3,-0.0030435647811092215,-0.04901805895721207,-0.004194842585849431
124,-23.3,-62.9,-7.3,5.5,12.0,15.5,-22,-63,-21,9,0.004396541446692797,0.009162571029705519,0.015218741519907288
125,-22.0,-55.1,-21.0,4.0,8.0,0.0,-22,-63,-21,6,-0.004909558687563507,-0.0006023701789949417,-0.010859501943337084
126,-23.0,-53.9,-21.0,5.5,8.0,0.0,-22,-47,-21,7,-0.006211086960591741,0.0019730820595508783,-0.009063221106523434
127,-22.1,-47.0,-21.0,4.0,0.0,0.0,-22,-47,-21,3,-0.0025702665354084085,-0.049005769959572995,-0.0029882729422476273
128,-25.2,-60.5,-10.4,3.5,12.0,15.5,-29,-71,10,6,0.004687216670828555,-0.003667410187976121,0.002352091484523582
129,-26.1,-59.0,-13.2,3.5,12.0,15.5,-26,-47,-21,8,0.008067985282265643,-0.01753232760931479,-0.018737643555094788
130,-23.8,-47.0,-21.0,5.5,0.0,0.0,-26,-47,-21,4,-0.002174177406913029,-0.04832947577142678,-0.0036872837721028257
131,-23.9,-62.0,-9.2,5.5,12.0,15.5,-29,-71,10,8,0.0034175707941859245,0.009742615890192947,0.013133419934003812
132,-19.8,-49.4,-10.5,13.5,43.0,15.5,-22,-63,-21,12,-0.0001920371917892043,-0.01004447860280373,-0.0008153469992937018
133,-23.7,-37.5,-10.5,5.5,19.5,21.5,-22,-47,-21,4,-0.003937824157875387,0.0022697514720493,-0.008045810543995177
134,-21.8,-39.3,-12.5,7.5,19.5,21.5,-22,-47,-21,5,0.0003136348851866642,-0.0037738679311848725,-0.005757107443277755
135,-17.2,-61.4,-8.7,6.0,12.0,15.5,-18,-63,-21,10,0.0038457007573923126,0.005031469713460059,0.01141309069437296
136,-17.2,-56.7,-21.0,4.0,8.0,0.0,-18,-63,-21,5,-0.0029596833121414796,0.005966379792688211,-0.005808640819502707
137,-15.4,-62.2,-10.5,6.0,12.0,15.5,-18,-63,-21,9,0.003687815637218964,0.011548654908257601,0.008582957057929955
138,-14.3,-60.4,-9.5,8.0,20.0,15.5,-10,-71,10,11,0.006020750069121294,-0.0034668579412538997,0.005182638568059041
139,-16.1,-43.1,-16.3,9.5,27.5,21.5,-14,-63,-21,9,0.006645446195586325,0.00022534245862701585,0.0018488374339487757
140,-16.1,-41.8,-15.1,9.5,27.5,21.5,-14,-63,-21,7,0.005545541434342238,0.000231233698347707,-0.0008666022403286944
141,-11.5,-51.3,-8.8,13.5,31.5,21.5,-14,-63,-21,11,-0.0035254853242665902,-0.018808967873801125,-0.0034421246280451397
142,-13.4,-17.5,-9.5,15.0,31.0,21.5,-29,-8,22,4,-0.00381309027468974,0.005395675574300146,-0.011571556518976229
143,-12.1,-51.0,-5.6,13.5,31.5,21.5,-6,-71,10,9,0.0006676983479604014,-0.0016343617973239,-0.006661966568226003
144,-14.6,-10.7,-8.4,15.0,53.0,21.5,-29,-8,22,7,-0.0030798643689107313,0.001781527583905243,0.004877829281315224
145,-10.7,-50.2,-7.1,13.5,31.5,21.5,-6,-71,10,10,0.0007484859813650252,-0.006367871963895053,-0.00411687395815382
146,-14.9,-25.1,-9.9,11.5,11.5,21.5,-29,-8,22,4,0.0033469242030352286,0.0018148624782953768,0.004198031953675255
147,-10.8,-47.9,-9.2,13.5,31.5,21.5,-10,-31,-21,9,0.0035957482360163113,0.003786918673135866,-0.011403325894583954
148,-21.7,-3.4,5.0,9.5,61.0,21.5,-29,-8,22,5,-0.0020144745844958138,3.1523933023403915e-05,-0.00437445829318695
149,-29.0,1.2,22.0,0.0,51.0,0.0,-29,-43,22,3,0.012122254512670698,0.008561504471440511,0.002627569985321188
150,-29.0,24.7,22.0,0.0,33.5,0.0,-29,-8,22,2,0.006766076251945333,0.009904068236002409,-0.004293129722072728
151,-29.0,-25.1,22.0,0.0,17.5,0.0,-29,-8,22,2,-0.0028669663452512194,-0.00032162191725849883,0.0035663773986503145
152,-29.0,-8.0,22.0,0.0,0.0,0.0,-29,-8,22,1,0.023221824318170547,-0.03925644978880882,-0.007135782390832901
153,-29.0,31.8,9.1,0.0,41.5,13.5,-29,-8,22,2,-0.0015424447854395953,0.001644128814894617,0.004257002514936601
154,-29.0,32.2,8.9,0.0,41.5,13.5,-29,-8,22,2,-0.0009119800236309026,0.0012945057555582475,0.0038869096973130654
155,-29.0,-8.0,22.0,0.0,0.0,0.0,-29,-8,22,1,0.019040841609239578,-0.046464625746011734,-0.00800618901848793
156,-29.0,-8.0,22.0,0.0,0.0,0.0,-29,-8,22,1,0.020455993711948395,-0.046895019710063934,-0.008001348935067654
157,-29.0,-8.0,22.0,0.0,0.0,0.0,-29,-8,22,1,0.019792716950178146,-0.04738535359501839,-0.006779947318136692
158,-29.0,-25.3,22.0,0.0,17.5,0.0,-29,-8,22,2,-0.002206913185555371,0.0004419192999819083,0.0030087050467129933
159,-29.0,-8.0,22.0,0.0,0.0,0.0,-29,-8,22,1,0.018858764320611954,-0.05124834552407265,-0.006548004224896431
160,-29.0,-8.0,22.0,0.0,0.0,0.0,-29,-8,22,1,0.018464531749486923,-0.05206584185361862,-0.008554118685424328
161,-29.0,-8.0,22.0,0.0,0.0,0.0,-29,-8,22,1,0.013499144464731216,-0.050012145191431046,-0.008086630143225193
162,-29.0,28.5,-0.7,0.0,67.0,21.5,-29,75,-5,5,-0.005423640932574021,-0.022005664823816006,0.008429628690728901
163,-29.0,4.5,-1.5,0.0,67.0,21.5,-29,75,-5,3,0.0011865443113891181,-0.0004877962111787809,0.0043830231536855
164,-29.0,75.0,-5.0,0.0,0.0,0.0,-29,75,-5,1,-0.006986115127801895,0.01744030974805355,-0.04949487745761871
165,-29.0,75.0,-5.0,0.0,0.0,0.0,-29,75,-5,1,-0.009396184235811234,0.017775315791368484,-0.05235478654503822
166,-27.6,75.0,-5.0,1.5,0.0,0.0,-29,75,-5,2,-0.012819037115085263,0.016767310446368557,-0.04904800576491993
167,-27.6,75.0,-5.0,1.5,0.0,0.0,-29,75,-5,2,-0.010210043900397035,0.018804845289621154,-0.049327959410230965
168,-29.0,71.2,7.9,0.0,4.0,13.5,-29,75,-5,2,-0.006934431027955243,0.0030551594388385575,-0.012405717483697929
169,-29.0,75.0,-5.0,0.0,0.0,0.0,-29,75,-5,1,-0.00845247507095337,0.020652348175644875,-0.056166429072618484
170,-29.0,75.0,-5.0,0.0,0.0,0.0,-29,75,-5,1,-0.004124633967876434,0.021249298006296158,-0.055921539664268494
171,-29.0,75.0,-5.0,0.0,0.0,0.0,-29,75,-5,1,-0.004836682230234146,0.020609000697731972,-0.05845881998538971
172,-29.0,75.0,-5.0,0.0,0.0,0.0,-29,75,-5,1,-0.002415221184492111,0.01935938373208046,-0.05782138556241989
173,-29.0,75.0,-5.0,0.0,0.0,0.0,-29,75,-5,1,-0.00447198748588562,0.01871739700436592,-0.05804040655493736
174,-27.6,75.0,-5.0,1.5,0.0,0.0,-29,75,-5,2,-0.0034069293412029448,0.018442531785341096,-0.05741551046241809
175,-29.0,75.0,-5.0,0.0,0.0,0.0,-29,75,-5,1,-0.006057575345039368,0.019223954528570175,-0.0602695494890213
176,-27.6,75.0,-5.0,1.5,0.0,0.0,-29,75,-5,2,-0.0047679842948104454,0.018309476566244237,-0.057103187887218396
177,-29.0,75.0,-5.0,0.0,0.0,0.0,-29,75,-5,1,-0.005229834467172623,0.018777409568428993,-0.06472135335206985
178,-29.0,75.0,-5.0,0.0,0.0,0.0,-29,75,-5,1,0.0007865540683269501,0.015611357055604458,-0.06092756986618042
179,-27.6,75.0,-5.0,1.5,0.0,0.0,-29,75,-5,2,0.006089520967536133,0.01455011230335031,-0.060263893320790206
180,-27.6,75.0,-5.0,1.5,0.0,0.0,-29,75,-5,2,0.008162765768041265,0.014521970241500592,-0.06078653967641719
181,-28.0,31.7,-10.2,1.5,67.0,8.0,-29,75,-5,3,-0.0012413292892429384,-0.0018270483516249771,0.008635737085166642
182,-28.0,29.8,-10.4,1.5,67.0,8.0,-29,75,-5,3,-0.0006379337424333719,-0.001666154276312661,-0.0022870120428009626
183,-27.6,75.0,-5.0,1.5,0.0,0.0,-29,75,-5,2,0.0027467591073632495,0.01728106679553375,-0.058002277885535664
184,-27.6,75.0,-5.0,1.5,0.0,0.0,-29,75,-5,2,-0.0024274064563428598,0.01714140083225239,-0.05693960105844481
185,-27.6,75.0,-5.0,1.5,0.0,0.0,-29,75,-5,2,-0.003513451172710718,0.016225199654454705,-0.05623149439965671
186,-27.6,75.0,-5.0,1.5,0.0,0.0,-29,75,-5,2,-0.0018586514267132457,0.017138603967304183,-0.06224111453018237
187,-27.6,75.0,-5.0,1.5,0.0,0.0,-29,75,-5,2,0.003829136110757884,0.018753385636111865,-0.0643894181073838
188,-27.6,75.0,-5.0,1.5,0.0,0.0,-29,75,-5,2,0.002523819732842112,0.017525277775125164,-0.06209509531677657
189,-27.6,75.0,-5.0,1.5,0.0,0.0,-29,75,-5,2,-0.0018921917793042256,0.015783813222328642,-0.0611139729774397
190,-27.5,75.0,-5.0,1.5,0.0,0.0,-29,75,-5,2,0.000968119567264478,0.016410608233616668,-0.06094711569733702
191,-25.8,75.0,-5.0,3.5,0.0,0.0,-29,75,-5,3,0.0008045794047000286,0.01614073010144637,-0.05809265050473915
192,-26.2,21.7,10.4,3.5,59.0,13.5,-29,-43,22,7,0.0021131782121808695,-0.00894965862572596,0.01561196541483776
193,-26.9,67.0,0.9,3.5,8.0,13.5,-29,59,-1,6,-0.00720299286468422,-0.025125976520029188,0.004910818337171495
194,-26.4,22.7,-2.8,3.5,67.0,21.5,-29,59,22,10,0.0023249412210485923,0.010300678947131959,0.0033406979013297935
195,-26.2,32.3,-1.3,3.5,67.0,21.5,-29,75,-5,8,0.0014699051971699452,-0.01081525798983479,0.029286233399636978
196,-27.0,16.0,10.5,3.5,59.0,13.5,-26,-43,22,8,-0.004452757503673136,0.008581381956952667,-0.012690612354154142
197,-27.4,-8.6,-7.5,3.5,67.0,21.5,-26,-59,-21,12,0.009128377819191737,-0.010443256342522137,0.016894132024546336
198,-27.2,-16.7,-7.9,3.5,59.0,21.5,-26,-59,-21,11,-0.001724509080833353,0.0028697300971303793,-0.01086727562943432
199,-25.2,-36.4,-11.1,2.0,43.0,11.5,-26,-59,-21,5,0.002306898395356365,-0.002864332807168759,-0.005409741819938484
200,-25.3,-47.6,2.8,3.5,8.0,21.5,-26,-43,22,7,-0.005020429919679717,-0.003543665994173057,0.005309859204005227
201,-24.6,-6.7,-4.4,5.5,67.0,11.5,-26,-59,-21,13,0.0033853716402847734,-0.003287673752823011,0.003210561194866137
202,-22.5,36.8,-0.0,7.5,67.0,21.5,-22,75,-5,12,-0.001290072448619628,0.003992314230482991,0.004447162369437303
203,-25.0,50.1,3.9,5.5,37.5,13.5,-29,0,22,6,0.0010103005028112171,0.0011753574468828397,0.0007891221699693283
204,-24.3,44.4,6.0,5.5,37.5,13.5,-29,0,22,5,-0.002574194361657397,0.001888195559932854,0.006316322553114523
205,-23.6,57.1,1.4,5.5,37.5,13.5,-22,75,-5,4,-0.002726662238676345,-0.0005777685742231906,0.011305510412246443
206,-20.8,25.3,6.4,6.0,59.0,13.5,-22,75,-5,7,0.004157046564801915,0.0005635618851593195,0.01641967714956224
207,-20.0,75.0,-5.0,6.0,0.0,0.0,-22,75,-5,4,-0.015208208115871225,0.014189267974480398,-0.054836343479393375
208,-19.9,75.0,-5.0,6.0,0.0,0.0,-18,75,-5,4,-0.010922936055708352,0.01571548343231442,-0.05662271114961687
209,-20.0,75.0,-5.0,6.0,0.0,0.0,-18,75,-5,4,-0.008577226015611339,0.01680549612943394,-0.058917975670757815
210,-18.0,75.0,-5.0,4.0,0.0,0.0,-18,75,-5,3,-0.007763367362727903,0.01607644875372843,-0.057343549274657395
211,-19.9,75.0,-5.0,6.0,0.0,0.0,-18,75,-5,4,-0.005839564099006864,0.017352313171220657,-0.05596048158130812
212,-19.9,75.0,-5.0,6.0,0.0,0.0,-18,75,-5,4,-0.012961533759856626,0.01733557468632197,-0.05823719759894457
213,-16.1,75.0,-5.0,6.0,0.0,0.0,-18,75,-5,4,-0.019718223116934764,0.014319929017851203,-0.0570033867300139
214,-18.5,75.0,-8.0,9.5,0.0,8.0,-18,75,-5,5,0.008091760579251647,0.004173557138655636,-0.0022877963355108586
215,-18.4,54.5,-4.5,9.5,37.5,11.5,-14,75,-5,8,0.0005830917967942796,0.008594842843914933,0.001167417901006913
216,-17.3,48.3,-4.0,9.5,37.5,11.5,-14,75,-5,9,0.001365204226147208,0.0009305568988266858,0.005016859739435282
217,-15.1,38.4,-4.0,11.5,37.5,11.5,-14,75,-5,14,-0.0009522642722967301,-0.002953398065720019,0.001111399248321987
218,-13.9,-43.0,22.0,4.0,0.0,0.0,-14,-43,22,3,-0.019994394435203438,-0.054923426892036345,-0.014604065508731518
219,-16.6,1.2,9.1,11.5,59.0,21.5,-14,-43,22,13,0.007627420288273456,0.0021097436318104302,-0.014417434773007104
220,-17.3,0.0,15.5,8.0,0.0,10.0,-18,0,22,6,0.009174262073090043,0.00491767545542906,0.001687633168062903
221,-18.5,21.5,7.0,9.5,37.5,21.5,-18,0,22,7,6.467757759078593e-05,-0.0026921358398764262,0.016895293383849246
222,-19.6,23.9,8.3,9.5,37.5,21.5,-14,0,22,6,-0.0007281965428643447,-9.446534464401988e-05,0.022251443673033167
223,-14.0,0.0,22.0,4.0,0.0,0.0,-14,0,22,3,-0.023720412805188145,0.051160892535706284,0.008433042081324138
224,-11.2,-18.1,22.0,6.0,21.5,0.0,-14,0,22,7,0.0016011578354002331,0.0038414639232457544,0.0008391785346810926
225,-11.6,-8.2,22.0,6.0,21.5,0.0,-10,0,22,5,-0.02650091353930559,-0.024144072205560554,-0.005346711379318168
226,-13.9,14.5,13.7,8.0,37.5,21.5,-10,0,22,5,-0.0034512968148558525,0.007266921723264072,-0.004434396745116579
227,-12.0,0.0,22.0,6.0,0.0,0.0,-14,0,22,4,-0.03285245014229291,0.05168237416452289,0.007540164775135908
228,-14.5,24.2,8.1,8.0,37.5,21.5,-10,0,22,6,-0.0029274451774082186,0.0005212435451408463,0.0186795157906895
229,-11.9,24.5,8.0,10.0,37.5,21.5,-10,0,22,6,-0.003808693262764699,0.0004001468203070707,0.017123717411205042
230,-8.6,24.0,10.8,8.0,37.5,21.5,-6,0,22,6,-0.003929041309083643,2.3032890230113492e-05,0.013011634127430716
231,-5.1,18.0,15.5,4.0,37.5,13.5,-6,0,22,4,-0.0034684695212874486,-0.009505144174703956,0.006241585738985521
232,-3.9,28.9,11.6,5.5,37.5,13.5,-6,0,22,5,-0.0005248530655599801,0.0047677205697739915,0.0051435861258044705
233,-4.2,8.3,15.3,5.5,59.0,13.5,-6,0,22,8,0.0018439576337134593,-0.0060758236462250806,0.010737943345195098
234,-3.2,14.1,16.9,5.5,37.5,13.5,-2,0,22,5,-0.0021693141278696796,0.0014692033376138742,-0.0005121804326475029
235,-4.2,0.0,22.0,5.5,0.0,0.0,-2,0,22,4,-0.019900473919799204,0.0530995068458378,0.007019876708671334
236,-2.3,-16.2,22.0,7.5,21.5,0.0,-2,-43,22,8,0.0020988708650085284,0.001987160694531292,0.0022488337378352595
237,-2.3,-16.1,22.0,7.5,21.5,0.0,-2,-43,22,8,-0.00027139269650561205,0.00013282488804688955,0.0026825684065389377
238,-0.4,0.0,22.0,5.5,0.0,0.0,1,0,22,4,-0.017240586148750674,0.05370415384710614,0.007633126260713156
239,1.4,0.0,22.0,7.5,0.0,0.0,1,0,22,5,-0.013416078918620006,0.05444564297475048,0.007233854658586829
240,3.2,0.0,22.0,5.5,0.0,0.0,5,0,22,4,-0.011844229820447657,0.0534037753790134,0.006715361925819733
241,4.0,21.2,11.2,5.5,37.5,13.5,5,0,22,7,0.002199854430808708,-0.010836393851151031,0.0060304897694319895
242,3.3,6.8,9.8,5.5,59.0,13.5,5,0,22,10,0.0005717240827300954,-0.00031251634247145933,-0.0006348827317587406
243,3.8,10.3,13.0,5.5,59.0,13.5,1,-43,22,9,-0.0010537572338198244,-0.013476022394465551,0.0033317961669565867
244,5.6,20.7,14.6,7.5,37.5,13.5,5,0,22,7,0.0004656915520341088,-0.009328439093221286,0.0015393442431653167
245,5.0,6.4,16.3,7.5,59.0,13.5,5,0,22,9,-0.00031211663041062467,-0.00027546917706653524,0.007791226022868339
246,3.2,-13.6,22.0,5.5,21.5,0.0,5,0,22,6,0.003966129662071537,0.008275331450425907,0.009022282379909836
247,3.3,0.0,22.0,5.5,0.0,0.0,5,0,22,4,-0.004869474847864964,0.058480240382737574,0.004039011287649065
248,3.3,0.0,22.0,5.5,0.0,0.0,5,0,22,4,-0.004353705640812082,0.061051512260266935,0.004005861642312746
249,3.3,0.0,22.0,5.5,0.0,0.0,5,0,22,4,-0.005406284627908401,0.05867110927098292,0.00341088347999697
250,3.7,14.2,16.9,5.5,37.5,13.5,5,0,22,5,-0.0007656233685943873,0.0010617248961591677,0.0004404226145072095
251,5.2,0.0,22.0,7.5,0.0,0.0,5,0,22,5,-0.000533993506105408,0.0588720403286712,0.003510863941718593
252,6.1,-18.0,22.0,6.0,21.5,0.0,5,0,22,7,0.002675818478636375,0.0049645354033369124,0.0011584466714519522
253,7.0,0.0,22.0,6.0,0.0,0.0,5,0,22,4,0.008136274501399332,0.058305180501722814,0.0018215813007914593
254,7.0,0.0,22.0,6.0,0.0,0.0,9,0,22,4,0.007677313383526252,0.060629405793888175,0.0019065625044308678
255,7.1,0.0,22.0,6.0,0.0,0.0,9,0,22,4,0.005645185293186896,0.06441978132652529,0.0007670375072315178
256,7.0,0.0,22.0,6.0,0.0,0.0,5,0,22,4,-0.003345074813159544,0.06339168119582053,0.0011237473259875946
257,5.3,0.0,22.0,7.5,0.0,0.0,5,0,22,5,-0.004250862735407576,0.059294340565203475,0.001577300579575248
258,7.9,-18.1,22.0,6.0,21.5,0.0,9,0,22,7,0.003127671231492546,0.005984179753593321,0.001183966639055495
259,7.1,0.0,22.0,6.0,0.0,0.0,9,0,22,4,-0.007007489388596485,0.05815333549225113,-0.0005674460665058599
260,10.9,0.0,22.0,6.0,0.0,0.0,9,0,22,4,0.0031933285710267585,0.05754199594516401,0.0007769253678916977
261,10.6,-8.1,22.0,6.0,21.5,0.0,9,0,22,5,-0.030822534634531336,0.003532050850378736,0.005976013952065894
262,11.1,0.0,22.0,6.0,0.0,0.0,13,0,22,4,0.005861032401608081,0.06347852027721929,0.0033978685909116938
263,13.0,0.0,22.0,4.0,0.0,0.0,13,0,22,3,0.008665288399822425,0.06441303661316143,0.004662697089171909
264,13.0,0.0,22.0,4.0,0.0,0.0,13,0,22,3,0.004329039491332212,0.06348064982421599,0.004272596638581747
265,13.0,0.0,22.0,4.0,0.0,0.0,13,0,22,3,0.003693775830322208,0.061754656170192025,0.0040331291295829024
266,13.0,0.0,22.0,4.0,0.0,0.0,13,0,22,3,0.005961845399414108,0.06388377357022211,0.0035410872646902997
267,13.0,0.0,22.0,4.0,0.0,0.0,13,0,22,3,0.00743414654025302,0.06376839469757982,0.003207186843197507
268,14.9,0.0,22.0,6.0,0.0,0.0,13,0,22,4,0.010582005672219022,0.06146244441371964,0.0034639779871560956
269,15.0,0.0,22.0,6.0,0.0,0.0,17,0,22,4,0.008278376522726671,0.061875637044341764,0.0016652107769087074
270,15.1,0.0,22.0,6.0,0.0,0.0,17,0,22,4,0.007498203921334808,0.0628884835059082,-1.688329379113951e-05
271,17.0,0.0,22.0,4.0,0.0,0.0,17,0,22,3,0.017985107465451223,0.06398438045169261,0.0004177106959583106
272,17.0,0.0,22.0,4.0,0.0,0.0,17,0,22,3,0.01756637431523268,0.0626761191693769,-4.6025235965905866e-05
273,17.0,0.0,22.0,4.0,0.0,0.0,17,0,22,3,0.019412548989855803,0.059611851724004794,0.0010811166453866508
274,18.9,0.0,22.0,6.0,0.0,0.0,17,0,22,4,0.021563338081261787,0.06088288021536139,0.0021771531031863226
275,18.9,0.0,22.0,6.0,0.0,0.0,17,0,22,4,0.01959363676778881,0.060229538365234876,0.0025136397722661727
276,17.1,0.0,22.0,4.0,0.0,0.0,17,0,22,3,0.01651175865534553,0.061099562987779264,0.0017524628733153514
277,18.9,0.0,22.0,6.0,0.0,0.0,17,0,22,4,0.012380990303395744,0.06055531522069612,0.0022892667285747455
278,19.0,0.0,22.0,6.0,0.0,0.0,17,0,22,4,0.011027301476676821,0.06193004203992647,0.0027255152769535486
279,17.9,14.2,16.9,6.0,37.5,13.5,21,0,22,5,0.0015275062023179002,-0.0018019664240179613,-0.002582322832844837
280,17.1,36.6,8.8,8.0,37.5,13.5,21,0,22,6,-0.0009704457928212786,0.003544862066659668,-0.010430532345391364
281,17.6,42.3,6.8,8.0,37.5,13.5,21,0,22,7,0.0020338276735391513,-0.0015205025005455889,0.0001377197273664543
282,17.6,42.5,6.7,8.0,37.5,13.5,21,0,22,7,0.0021333376238050063,-0.0022932979381213607,0.002418344924554398
283,19.8,42.3,6.8,6.0,37.5,13.5,21,0,22,7,0.0013003953026215816,-0.001135981923374552,0.0026148614266174436
284,18.6,46.6,5.2,8.0,37.5,13.5,21,0,22,8,0.00035515018172848397,0.0008718078324679899,0.004195368721071701
285,19.1,36.6,8.8,6.0,37.5,13.5,21,0,22,6,0.0017066789971739481,0.0025837876600730784,-0.011673081368878882
286,21.0,47.2,5.0,8.0,37.5,13.5,21,75,-5,8,0.000169815588315539,0.0005169823954543159,0.0043146194092309595
287,21.5,54.1,2.5,8.0,37.5,13.5,21,75,-5,7,-0.0006274138086169117,-0.0007830687553770873,0.011870640332014876
288,21.6,54.3,2.4,8.0,37.5,13.5,21,75,-5,7,-0.0024537103702214707,-0.0007024663132025083,0.012616696337088732
289,21.6,53.9,2.6,8.0,37.5,13.5,21,75,-5,7,-0.002845548971169981,-0.0013457413352282366,0.012251345818047849
290,23.0,75.0,-5.0,6.0,0.0,0.0,21,75,-5,4,-0.0008440108459461011,0.018190489838814494,-0.06093138618061205
291,23.4,60.7,0.2,6.0,37.5,13.5,25,75,-5,5,-8.799753544010974e-06,-0.011994939203688845,0.0004888401307870289
292,25.0,36.6,8.8,4.0,37.5,13.5,25,0,22,6,-0.0009684951773006906,0.0020481985552851397,-0.012538497899754968
293,25.0,36.5,8.9,4.0,37.5,13.5,25,0,22,6,-0.0005410879201155493,0.0019447797227541105,-0.011459933954829178
294,25.8,28.9,11.6,4.0,37.5,13.5,25,0,22,5,-0.0001790583674218135,0.004940619588712622,0.008326996701254705
295,25.1,37.2,8.6,4.0,37.5,13.5,25,0,22,6,-0.0001710247698934344,0.0019215590681790932,-0.01420985266255424
296,25.1,37.4,8.5,4.0,37.5,13.5,25,0,22,6,0.0018913313701432307,0.0013795572839340035,-0.014427108480547108
297,25.8,44.0,6.2,4.0,37.5,13.5,29,0,22,5,0.0008701320970433921,0.003131455707022837,0.006082305148877608
298,25.8,43.8,6.2,4.0,37.5,13.5,29,0,22,5,0.0019898564468037927,0.0029745857051364133,0.005889774550628784
299,25.8,43.6,6.3,4.0,37.5,13.5,29,0,22,5,0.00405298038633105,0.0034562488014790328,0.007094143870635914
300,27.0,35.8,9.1,2.0,37.5,13.5,29,0,22,4,-0.002552283667399188,0.002143165363205653,-0.006008383363209622
301,27.0,0.0,22.0,2.0,0.0,0.0,29,0,22,2,0.020225019447142972,0.06099393740030705,-0.003654406947905052
302,27.1,0.0,22.0,2.0,0.0,0.0,29,0,22,2,0.01989445150511316,0.05938746386622612,-0.004941615667900311
303,27.1,0.0,22.0,2.0,0.0,0.0,29,0,22,2,0.020946830275460147,0.05868046227973392,-0.004465049434698354
304,27.1,0.0,22.0,2.0,0.0,0.0,29,0,22,2,0.02128730399917452,0.05926452049301725,-0.0036764105449650854
305,27.1,0.0,22.0,2.0,0.0,0.0,29,0,22,2,0.022255366105429997,0.05952370837851982,-0.0034953687787941954
306,29.0,0.0,22.0,0.0,0.0,0.0,29,0,22,1,0.02365848608314991,0.06124279648065567,-0.00369198527187109
307,29.0,0.0,22.0,0.0,0.0,0.0,29,0,22,1,0.02193949930369854,0.05965937674045563,-0.0034628412686288357
308,5.1,-16.2,15.4,25.5,73.0,13.5,29,0,22,4,-0.002636373908544149,0.003140214593449889,0.009376621432335237
309,-1.4,-21.6,10.8,25.5,73.0,21.5,29,0,22,6,0.0023068887179373914,-0.0030922685263282275,3.3988219688553726e-05
310,-5.4,-21.4,1.5,25.5,73.0,21.5,-18,-71,18,8,0.0008954865784863081,-0.0013628712635217516,0.00024177946635093635
311,-5.6,-19.8,4.6,25.5,73.0,21.5,-18,-71,22,9,0.001095525050261679,0.0017232524915202496,-0.004275536472803282
312,-4.9,-12.3,0.4,25.5,73.0,21.5,-14,11,-21,8,-0.0016269835149617772,0.004791690460181946,0.007834403575391531
313,-2.5,-4.2,-2.0,23.5,73.0,21.5,-14,11,-21,7,0.005165602329480852,0.0065486622755021925,-0.010135515585587965
314,-6.5,7.7,-11.4,23.5,73.0,21.5,-14,11,-21,6,-0.002776382111820157,0.0014111354295508914,0.016609494653399462
315,-7.4,-13.3,-3.1,23.5,41.0,21.5,-10,11,-21,7,-0.0033542470992389013,-0.004288486241780387,0.0066331707094177015
316,-10.0,11.0,-21.0,4.0,0.0,0.0,-10,11,-21,3,-0.006498492879519257,-0.05569990337351155,0.01595777631115219
317,-10.0,11.0,-21.0,4.0,0.0,0.0,-10,11,-21,3,-0.007548790288438978,-0.05622863858608882,0.015909340247480936
318,-9.9,11.0,-21.0,4.0,0.0,0.0,-10,11,-21,3,-0.007271318793017232,-0.05585285007264055,0.01651853818882632
319,-9.9,11.0,-21.0,4.0,0.0,0.0,-10,11,-21,3,-0.007040590112777606,-0.05478837330329146,0.015638127596548663
320,-8.0,11.0,-21.0,6.0,0.0,0.0,-10,11,-21,4,-0.005332198719752609,-0.05361705550966633,0.015408928982259271
321,-11.6,-10.1,-3.2,12.0,47.0,21.5,-10,11,-21,7,-0.003585191887921257,0.00033373705972940585,-0.001087507380471448
322,-6.0,11.0,-21.0,4.0,0.0,0.0,-6,11,-21,3,-0.0050648915767035,-0.05471802170775374,0.014967065170369295
323,-11.4,-39.4,1.0,8.0,41.0,19.5,-6,11,-21,8,-0.00034806905366704076,0.009880840935652719,-0.007530339874747755
324,-11.4,-39.5,1.1,8.0,41.0,19.5,-6,11,-21,8,-0.002073460725300599,0.009392252053561465,-0.007306900187309659
325,-7.9,-8.4,-10.8,6.0,41.0,21.5,-6,11,-21,4,0.0001593307733184703,0.0024118262411014675,0.005804216744877347
326,-8.3,-20.7,-5.9,6.0,41.0,19.5,-6,11,-21,5,0.0087724258931472,-0.0027978564423005526,-0.00419109268172001
327,-7.6,-29.4,-2.7,7.5,41.0,19.5,-2,11,-21,8,0.007376200099024579,-0.006220006650360394,0.0052101211493658746
328,-7.6,-39.3,3.5,7.5,41.0,21.5,-2,11,-21,8,0.0017994521815858137,0.006759577659286514,-0.007212894109196764
329,-7.8,-34.1,0.9,7.5,41.0,21.5,-2,11,-21,9,-0.001447886899737268,-0.011648091597321095,-0.00020878521167985188
330,-6.9,-46.0,3.8,7.5,41.0,19.5,-10,-71,18,10,0.002136242194679227,0.001257913446337456,-0.009816829789846517
331,-6.8,-45.8,3.7,7.5,41.0,19.5,-2,11,-21,10,0.0015808718947805764,0.0011488094153807218,-0.008784159061290904
332,-4.7,-42.4,4.4,5.5,41.0,21.5,-2,11,-21,9,0.0011218208159996569,0.0020986213242806203,-0.003334857825056865
333,-4.2,-31.4,2.3,5.5,59.0,21.5,-6,-71,22,12,0.00861823496769087,-0.019633462045641332,-0.010818473219975665
334,-4.5,-4.9,-14.2,5.5,41.0,17.5,-2,11,-21,5,0.0028770523912990077,0.002123993535464544,-0.010771178350414202
335,-3.8,-20.6,-6.0,3.5,41.0,21.5,-2,11,-21,5,0.004152819497253064,-0.0014730412357453779,-0.005776945470363623
336,-3.4,-40.8,4.0,7.5,41.0,21.5,-2,11,-21,11,0.002218626899251441,0.000865694791763951,-0.004900620781292652
337,-2.2,-29.5,-1.8,5.5,41.0,21.5,1,11,-21,8,0.005962875589887704,-0.007410682748182698,0.0035773504632697914
338,-4.3,-71.0,14.0,5.5,0.0,4.0,-6,-71,10,8,-0.01516821708130554,0.002538247440212531,0.04287233364965087
339,-2.8,-51.1,7.5,3.5,41.0,21.5,-2,-71,14,8,0.006704844931110911,0.005937382325236142,-0.020230784253355866
340,-4.2,-71.0,12.7,5.5,0.0,4.0,-6,-71,10,6,-0.022776264952522787,0.005927805947424527,0.05107812990356785
341,-1.7,-71.0,16.6,5.5,0.0,4.0,-2,-71,14,6,-0.01704474422837235,0.006376016114393944,0.054341475564404294
342,-1.3,-59.7,11.4,5.5,41.0,21.5,-2,-71,14,7,0.0017237695141706433,0.005385760157126862,0.007391242735785443
343,-0.6,-71.0,12.6,5.5,0.0,4.0,-2,-71,10,6,-0.02028309347719877,0.004803995443912559,0.05233309449184307
344,0.4,-49.6,7.8,5.5,59.0,19.5,1,-71,14,9,0.002521797077047073,0.0027816262571171793,-0.015173708656510842
345,1.4,-39.7,5.8,7.5,59.0,19.5,1,-71,14,11,0.003741880234853984,4.382567411279955e-05,-0.0041078510567514204
346,0.4,-56.7,12.7,5.5,59.0,21.5,1,-71,14,8,-0.0006836181355274403,0.013076468527964,0.0051867410418357145
347,-0.8,-41.6,6.6,7.5,59.0,19.5,-2,-71,14,12,0.002095408327841961,0.00034454315072414735,-0.003323966276054008
348,1.0,-47.4,8.2,7.5,59.0,19.5,1,-71,14,10,-0.0006463721087876869,-0.0013755139659281344,-0.0067697277430905905
349,1.7,-71.0,13.9,3.5,0.0,4.0,1,-71,10,8,-0.021160165248440405,-0.001045719730903136,0.05391120688817033
350,3.1,-71.0,13.0,5.5,0.0,4.0,1,-71,10,8,-0.024931327541574937,0.0027647031750133093,0.054044585055558314
351,5.4,-45.2,7.6,6.0,59.0,19.5,5,-71,14,9,-0.0005298242400070438,0.0007522825802260009,-0.003909236011799786
352,3.9,-47.0,9.6,5.5,59.0,21.5,5,-71,14,10,-0.0019407438064881692,-0.002872293799505932,-0.005018919358063653
353,5.1,-28.2,2.4,7.5,59.0,19.5,5,47,-21,11,0.00968296948262187,0.0007434790994489493,-0.026968920205713242
354,6.3,-31.2,3.1,6.0,59.0,19.5,5,47,-21,9,0.010035606237613256,-0.02357757908669113,-0.012242360232661183
355,6.0,-56.5,12.6,4.0,59.0,21.5,5,-71,14,8,-0.0017572430237964224,0.012349138352235596,0.005257042891552305
356,6.1,-18.8,-0.3,4.0,59.0,19.5,5,47,-21,7,-0.0007131667744545836,-0.00092251445378269,0.002167006257986805
357,5.1,-11.8,-3.6,4.0,59.0,17.5,5,47,-21,6,-0.0025164209509875583,-0.006726126816919925,0.0038266483555599857
358,7.0,-10.8,-5.8,6.0,59.0,15.5,9,47,-21,6,-0.0015030870411026189,-0.006366047481847444,0.005161313504603732
359,7.8,-19.1,-3.6,6.0,59.0,15.5,9,47,-21,7,0.0015411225055499045,-0.0015413201183660566,-0.0032524931482310593
360,9.0,19.0,-12.7,4.0,59.0,17.5,9,47,-21,4,-0.003432602600987214,-0.003829537397531252,0.004081039393133059
361,7.9,-19.2,-1.4,6.0,59.0,17.5,9,47,-21,7,0.0007834917954532158,-0.0030692461425131335,0.0017262609596057235
362,9.0,-18.8,-0.9,4.0,59.0,19.5,9,47,-21,7,-0.0002495629877377475,-0.002717149871106556,0.0029921672597538022
363,9.0,47.0,-21.0,4.0,0.0,0.0,9,47,-21,3,0.00681209530186461,-0.06164065203876061,-0.02057386582850723
364,8.2,1.3,-7.4,4.0,59.0,17.5,9,47,-21,5,0.00296487316399386,0.0021445190747369377,-0.016443586436298698
365,9.0,47.0,-21.0,4.0,0.0,0.0,9,47,-21,3,0.007351116000561614,-0.06287174154643016,-0.02061359347484502
366,10.1,-2.4,-6.3,6.0,59.0,17.5,9,47,-21,7,0.004837730368013609,0.003428739747522582,-0.012078411758794727
367,10.5,-27.2,2.1,6.0,59.0,19.5,9,47,-21,11,0.008034262940486587,0.00023405115246065972,-0.024782352909158156
368,11.0,47.0,-21.0,6.0,0.0,0.0,13,47,-21,4,0.00145366130657147,-0.05887063824317811,-0.01934102880616029
369,13.0,47.0,-21.0,4.0,0.0,0.0,13,47,-21,3,-0.0025639800943012153,-0.06046199182028419,-0.012694236741244149
370,13.0,47.0,-21.0,4.0,0.0,0.0,13,47,-21,3,-0.004061282513734487,-0.05805148370627304,-0.014057442093624275
371,15.0,47.0,-21.0,6.0,0.0,0.0,17,47,-21,4,-0.0006087605948250409,-0.05752089487156261,-0.01335345840164355
372,17.0,47.0,-21.0,4.0,0.0,0.0,17,47,-21,3,0.002871893818999835,-0.05759854025777929,-0.01767433391644886
373,17.0,47.0,-21.0,4.0,0.0,0.0,17,47,-21,3,0.0033981134040021034,-0.05812202486270041,-0.01839768805255614
374,17.0,47.0,-21.0,4.0,0.0,0.0,17,47,-21,3,0.001205234332895826,-0.05573613584321704,-0.012636633023338626
375,17.0,47.0,-21.0,4.0,0.0,0.0,17,47,-21,3,0.0004970032140676503,-0.05562193470009971,-0.014091440709110047
376,17.0,47.0,-21.0,4.0,0.0,0.0,17,47,-21,3,-0.0007550394365021716,-0.052323739105179054,-0.019983954325871904
377,16.2,-36.2,3.2,6.0,59.0,19.5,17,-71,10,10,-0.008508621302245903,-0.003470886460676523,0.009322423858978218
378,18.1,-27.8,0.1,8.0,59.0,19.5,17,47,-21,11,0.005348032769489477,0.0017512881997651386,-0.007364900762835405
379,17.4,-27.3,1.7,8.0,59.0,19.5,17,47,-21,11,0.007146339865162638,0.0008039685265483056,-0.0224816776064238
380,17.4,-23.5,1.4,8.0,59.0,21.5,21,47,-21,10,-0.0017084678689755152,-0.009854724857464081,0.0009693674518941878
381,20.9,47.0,-21.0,4.0,0.0,0.0,21,47,-21,3,-0.0021675473718861912,-0.05236110900912684,-0.014813351446665722
382,21.0,47.0,-21.0,4.0,0.0,0.0,21,47,-21,3,-0.0029004804755185165,-0.054122592442804054,-0.020255190263507923
383,21.0,47.0,-21.0,4.0,0.0,0.0,21,47,-21,3,-0.0043704888979671725,-0.05664804878809412,-0.015016469171424223
384,21.0,47.0,-21.0,4.0,0.0,0.0,21,47,-21,3,-0.006156867465809729,-0.05668881123978204,-0.01588705331470956
385,21.1,47.0,-21.0,4.0,0.0,0.0,21,47,-21,3,-0.005669228497766162,-0.05631133744876378,-0.016043852822752898
386,21.1,47.0,-21.0,4.0,0.0,0.0,21,47,-21,3,-0.005144803713667102,-0.0553692866474579,-0.01617929562978395
387,23.0,47.0,-21.0,2.0,0.0,0.0,21,47,-21,2,-0.004888588296711663,-0.05297427817806902,-0.01596070868796867
388,24.9,47.0,-21.0,4.0,0.0,0.0,25,47,-21,3,-0.005653154354470139,-0.05520855077160729,-0.015133107319655933
389,24.9,47.0,-21.0,4.0,0.0,0.0,25,47,-21,3,-0.006324312321670073,-0.055697977412267875,-0.017238782423827724
390,24.9,47.0,-21.0,4.0,0.0,0.0,25,47,-21,3,-0.008460069525561447,-0.05443324017808767,-0.017757562493723664
391,25.0,47.0,-21.0,4.0,0.0,0.0,25,47,-21,3,-0.007200111138489268,-0.055443333148957455,-0.017425454472494863
392,24.1,18.9,-12.7,4.0,59.0,17.5,25,47,-21,4,-0.001502692296124427,-0.0029954502246194985,0.003109683464042909
393,24.3,1.3,-7.5,4.0,59.0,17.5,25,47,-21,5,-0.0029957372629381665,-0.0006873422679752369,-0.014389880394349769
394,25.1,47.0,-21.0,4.0,0.0,0.0,25,47,-21,3,-0.00733109065638082,-0.057551310672131734,-0.018450238031179282
395,27.0,47.0,-21.0,2.0,0.0,0.0,25,47,-21,2,-0.007718282075368483,-0.057984135119998635,-0.02106473093932821
396,27.0,47.0,-21.0,2.0,0.0,0.0,29,47,-21,2,-0.009144736617392249,-0.05586985027267739,-0.018586911222843783
397,25.0,-71.0,16.0,4.0,0.0,2.0,25,-71,18,6,0.009346467265354952,0.007483196709206277,0.04833833975986497
398,27.1,47.0,-21.0,2.0,0.0,0.0,29,47,-21,2,-0.00862939821899558,-0.0506419818904002,-0.022102898249024117
399,24.6,-32.6,11.8,8.0,59.0,21.5,29,47,-21,8,0.0032579927787316013,-0.0027026710557976176,-0.008119098054821004
400,27.7,-29.2,1.6,2.0,59.0,17.5,29,47,-21,3,0.0025999410510618628,-0.009031032526880636,-0.022679388356288306
401,23.6,-20.8,13.4,8.0,59.0,21.5,29,47,-21,8,-0.006710840360971649,-0.0031828142241650806,-0.009786024273800997
402,23.6,-32.4,19.5,8.0,47.0,4.0,29,-55,22,8,0.0025147643802816734,-0.0005688782867037277,-0.01384426468721205
403,25.1,-21.6,11.5,6.0,59.0,21.5,29,-71,14,6,-0.00740081057933005,-0.002237462233424608,-0.009355336142248205
404,24.6,-30.9,13.6,8.0,59.0,21.5,29,-71,14,10,0.005588648291066078,7.135320147238541e-05,-0.016372976817153786
405,25.1,-20.9,11.3,6.0,59.0,21.5,29,-71,14,6,-0.010194772913348757,-0.006621952618289188,-0.012321999773316576
406,25.1,-20.3,11.2,6.0,59.0,21.5,29,-71,14,6,-0.010849713075858542,-0.009972528330807844,-0.015062337914664615
407,25.7,-28.0,10.8,6.0,59.0,21.5,29,-71,14,7,-0.00253776654684083,-0.0010826348418487852,0.006805416237073854
408,25.1,-21.0,11.6,6.0,59.0,21.5,29,-71,14,6,-0.007063470940688603,-0.0063068755601833676,-0.010155693876653975
409,23.5,-9.4,13.2,8.0,59.0,21.5,29,-71,10,8,0.0030888851958097555,-4.60635001127502e-05,-0.003681346998368376
410,23.5,-9.3,14.2,8.0,59.0,21.5,29,-71,14,8,0.0019277550812255874,-0.0004181418777490749,-0.004087234992836773
411,22.4,-9.1,19.9,8.0,47.0,4.0,29,-71,14,6,-0.010929502171096025,-0.006309023297290345,-0.004050020997242701
412,23.3,16.1,6.4,8.0,69.0,21.5,29,-71,14,9,0.005455491124974791,0.001630013675816998,-0.005218987951844545
413,25.0,-8.4,20.0,6.0,47.0,4.0,21,23,22,6,-0.006606745468006784,-0.008425708296996504,-0.006968114363323468
414,24.2,3.4,19.5,6.0,47.0,6.0,29,-71,10,5,-0.0013615125788989184,0.002338709858031847,0.004560521373348544
415,23.1,-1.5,19.9,6.0,47.0,4.0,29,-71,14,4,0.0039071656735224685,0.002454037846329204,-0.005171908910721758
416,25.1,-9.9,19.2,4.0,47.0,4.0,29,-71,14,3,-0.012039791609097098,-0.005693035411996773,-0.0013067925474414346
417,24.3,-15.6,20.3,6.0,47.0,4.0,29,-71,14,5,0.009225848235856877,0.001285726631788668,-0.005977543965603972
418,16.6,13.8,15.3,29.0,63.0,21.5,25,23,22,11,0.011670027010143512,0.0024803527856562123,0.002958698044867973
419,15.8,5.3,13.8,29.0,47.0,21.5,29,-71,14,6,-0.0029183059465404766,-0.0022680228691510044,0.0068347909280331975
420,13.8,10.1,5.5,29.0,47.0,21.5,25,23,22,8,-0.0011459679093691185,-0.002588309998185059,0.006691054729813937
421,14.5,10.4,15.3,29.0,47.0,21.5,25,23,22,8,0.000747061290085862,0.00017699461088260777,-0.0023241248965331783
422,15.7,32.2,7.4,29.0,26.0,21.5,29,67,-21,9,-0.0026573255930512595,-0.00036900485458710186,0.0009110605159154018
423,10.3,22.1,17.2,29.0,4.0,21.5,9,23,22,9,0.005416190282211792,0.004188673380677753,0.004531545540447251
424,11.8,12.8,16.8,29.0,47.0,21.5,9,23,22,10,0.0022775005997639802,0.0016670857498706079,0.001739708243494637
425,12.7,13.7,9.4,29.0,47.0,21.5,9,23,22,11,0.007865479041781958,0.0008614939668722711,0.0049402522961408
426,13.0,12.1,16.3,29.0,47.0,21.5,-29,15,-21,9,0.004497511192539799,0.0016287797825276522,0.0008212616794920339
427,8.4,21.8,15.6,27.0,4.0,21.5,-29,15,-21,7,0.005711873886288662,-0.004749939112157911,0.004152147673847072
428,10.8,10.7,14.9,29.0,47.0,21.5,-29,15,-21,8,0.00782667281123888,0.0032203691810568378,-0.0028068337821512386
429,5.1,29.0,17.5,29.0,22.0,21.5,-29,15,-21,10,0.002331154051233654,-0.0005609568762155768,-0.005622400964846899
430,8.0,26.2,16.3,29.0,22.0,21.5,-29,15,-21,8,0.006583475197878235,0.001524437255306185,-0.011463917096629202
431,9.6,8.0,13.6,29.0,47.0,21.5,29,23,22,11,0.003490814867799943,-0.00877756606044576,0.0031234912857585435
432,11.3,22.0,16.6,29.0,4.0,21.5,13,23,22,8,0.00831900234934162,0.0011430129950026381,0.000268991622352954
433,6.4,31.5,5.7,29.0,30.0,21.5,-29,15,-21,10,-0.010877903173868575,-0.004941177315312596,0.004613088545936122
434,8.5,22.6,6.0,29.0,73.0,21.5,-29,15,-21,11,0.0010561620094925567,0.005630330710487632,0.0027506049939232135
435,-6.1,31.4,-9.7,29.0,30.0,21.5,-29,15,-21,4,-0.0030561770129809915,-0.00035904510491695756,0.0015596886294248465
436,-1.3,18.9,-0.3,29.0,4.0,21.5,-29,15,-21,4,-0.0012450503685822443,0.002207052583077166,0.004237290418072906
437,-1.5,18.8,-0.4,29.0,4.0,21.5,-29,15,-21,4,-0.0005687556994372709,0.0021713794538843053,0.003726003874073636
438,-3.0,31.7,7.5,29.0,30.0,21.5,-29,15,-21,8,-0.004485171266376404,0.0008913662610302707,0.002069875233859813
439,0.7,25.8,9.4,29.0,22.0,21.5,-26,15,-21,7,-0.0008680377262152377,-0.001424808695949234,-0.00021409314426020887
440,1.0,25.9,9.6,29.0,22.0,21.5,-26,15,-21,7,-0.0003089586750574559,-0.002236144941544844,0.00023265647787094106
441,7.4,27.0,16.0,29.0,22.0,21.5,21,23,22,7,0.0031170960310934227,-0.00038269941621253077,-0.01100907312943801
442,5.9,29.0,15.0,29.0,18.0,21.5,25,23,22,6,0.0011545464365173145,0.00012622391293742202,-0.005117697666446932
443,-2.0,32.1,10.6,29.0,18.0,21.5,-29,23,-21,4,-0.0037236715409732896,0.0009791555579630581,0.0016850402304130158
444,-29.0,59.0,22.0,0.0,0.0,0.0,-29,59,22,1,0.02806226536631584,0.03600339591503143,-0.01241560559719801
445,-29.0,59.0,22.0,0.0,0.0,0.0,-29,59,22,1,0.0323709174990654,0.03524233400821686,-0.012067380361258984
446,-29.0,59.0,22.0,0.0,0.0,0.0,-29,59,22,1,0.031182803213596344,0.03308422490954399,-0.01117855217307806
447,-29.0,59.0,22.0,0.0,0.0,0.0,-29,59,22,1,0.031366169452667236,0.031456708908081055,-0.010892014019191265
448,-29.0,59.0,22.0,0.0,0.0,0.0,-29,59,22,1,0.032327838242053986,0.03040430322289467,-0.0109067028388381
449,-29.0,12.7,7.0,0.0,51.0,21.5,-29,23,-21,3,-0.004628835562858702,-0.001514776411514155,-0.004546245223856149
450,-29.0,12.6,7.1,0.0,51.0,21.5,-29,23,-21,3,-0.0038700518846252175,-0.0015269610754832937,-0.004029088835498904
451,-10.6,35.0,6.9,29.0,18.0,21.5,-29,23,-21,3,0.0014707321546296572,9.89728979722789e-05,-0.005730450029343087
452,-10.7,35.5,7.5,29.0,18.0,21.5,-29,59,22,3,-0.0006285380508981096,-0.0007330429378832423,-0.005628380512253911
453,-29.0,40.8,0.2,0.0,18.0,21.5,-29,23,-21,2,0.0009430364455727421,0.012098373390494917,-0.01326255408153679
454,-29.0,41.0,0.5,0.0,18.0,21.5,-29,23,-21,2,0.0013523849934423424,0.011160876676258378,-0.012201796569673224
455,-27.6,59.0,22.0,1.5,0.0,0.0,-29,59,22,2,0.03563347905704148,0.027603157666679597,-0.007653166238113639
456,-27.6,59.0,22.0,1.5,0.0,0.0,-29,59,22,2,0.03439895158167119,0.02499928559466551,-0.00718546745261665
457,-9.5,47.5,22.0,29.0,18.0,0.0,-29,59,22,3,-0.0020554661383325452,0.0008151156470962281,-0.0008872516014001495
458,-9.3,17.0,17.3,29.0,61.0,19.5,-29,-8,22,8,0.0003983185148568585,-0.00035668426580967057,-0.003067417186135308
459,-29.0,-43.0,22.0,0.0,0.0,0.0,-29,-43,22,1,-0.019662916660308838,-0.04992550611495972,-0.011519026011228561
460,-28.3,7.9,22.0,1.5,53.0,0.0,-29,59,22,4,0.006466222667053997,-1.2568002512224822e-05,0.006290988338779413
461,-28.3,7.6,22.0,1.5,53.0,0.0,-29,59,22,4,0.005250524459800057,0.0006730530607463316,0.008125104169518635
462,-27.6,41.2,0.7,1.5,18.0,21.5,-29,59,22,4,0.0056440334087542714,0.010606933606670461,-0.0073114481708363805
463,-27.6,59.0,22.0,1.5,0.0,0.0,-29,59,22,2,0.044865313234645335,0.022798418217435047,-0.004680639498279045
464,-27.6,59.0,22.0,1.5,0.0,0.0,-29,59,22,2,0.04452467356185334,0.02397394370444258,-0.0038514229756797342
465,-28.0,26.4,22.0,1.5,51.0,0.0,-29,59,22,3,0.016954854221181946,0.0013734831710149739,0.002673915880605615
466,-28.0,25.1,22.0,1.5,51.0,0.0,-29,59,22,3,0.005031578446990816,0.0012146473990951308,-0.0005844944120988097
467,-28.0,24.2,22.0,1.5,51.0,0.0,-29,-43,22,3,-0.0030784579132854457,0.0004891171624119041,-0.0021675329576946504
468,-26.5,-3.7,-3.6,3.5,33.0,21.5,-29,-43,22,5,-0.004706178740369865,0.009007109029253235,0.0015852223986553128
469,-27.7,51.2,5.0,3.5,53.0,21.5,-26,59,22,8,0.0009922635650451697,-0.0007716120238045854,0.0009327291390888606
470,-26.5,44.9,0.2,3.5,26.0,21.5,-26,23,-21,8,0.0025546889994195313,0.0004916819084723866,-0.004704990623824066
471,-25.7,44.0,4.2,3.5,18.0,21.5,-26,59,22,6,0.004316121350869488,0.0005258693280220104,0.0018064837738327511
472,-25.6,54.9,9.6,5.5,16.0,21.5,-26,59,22,7,-0.003508522794018785,-0.004892919645384456,0.00910252054042178
473,-25.5,38.1,18.3,5.5,51.0,11.5,-29,-43,22,6,-0.0010032722000770276,-0.003475431175493841,0.004933129971146362
474,-23.9,31.8,22.0,5.5,51.0,0.0,-29,-43,22,4,-0.0012476977155899246,-0.0035486777220894014,0.0017531624351457187
475,-23.8,32.7,22.0,5.5,51.0,0.0,-29,-43,22,4,-0.0033776894063601353,-0.006108054808907604,0.0006346361377319373
476,-25.8,22.8,22.0,3.5,51.0,0.0,-29,-43,22,3,-0.01029497357705521,0.009321367186683614,-0.0074009883235629445
477,-25.5,39.4,18.3,5.5,51.0,11.5,-26,59,22,6,0.0030440474921756863,0.00020525591805761682,0.007783184117207364
478,-24.7,55.2,17.6,5.5,10.0,11.5,-22,59,22,5,-0.008543525498597297,0.00397203488152815,-0.004723819185943915
479,-23.8,59.0,22.0,5.5,0.0,0.0,-26,59,22,4,0.03936788526059545,0.023058237016849076,-0.0008387971781810374
480,-23.8,59.0,22.0,5.5,0.0,0.0,-26,59,22,4,0.04007268479651918,0.024724211787373745,-0.001227587350848626
481,-24.9,38.7,22.0,5.5,51.0,0.0,-26,59,22,5,0.005789684824729596,-0.003487193035185411,0.0014699779887341884
482,-23.8,59.0,22.0,5.5,0.0,0.0,-26,59,22,4,0.03872466796381341,0.02338607608375768,0.0003057004613987748
483,-24.8,62.0,17.7,5.5,8.0,11.5,-26,59,22,5,0.00803140864935918,0.0007422481180879842,-0.009225182679052214
484,-27.5,-43.0,22.0,1.5,0.0,0.0,-26,-43,22,2,0.0015466368727993015,-0.04842761413492626,-0.00646348724877017
485,-21.5,42.7,5.0,29.0,41.5,21.5,-26,59,22,14,0.002899607643418396,0.0020269396379032673,0.0012836072020091596
486,-27.5,-43.0,22.0,1.5,0.0,0.0,-26,-43,22,2,-0.0021899269956604447,-0.049695964326160615,-0.006025144913680896
487,-27.5,-43.0,22.0,1.5,0.0,0.0,-26,-43,22,2,0.0022685900455813404,-0.05238898528910958,-0.006260928934772571
488,-26.0,61.4,6.3,5.5,18.0,21.5,-26,59,22,8,-0.0011926177782035344,-0.00016688935678857176,-0.007845982607746176
489,-27.4,63.7,2.3,3.5,18.0,21.5,-29,75,-1,8,-0.007512831989171829,-0.0022732348781261628,-0.01013974563337963
490,-29.0,75.0,-3.0,0.0,0.0,2.0,-29,75,-1,2,0.024045844247784696,-0.00011016909736599398,-0.04021919495778719
491,-27.0,4.9,11.9,3.5,59.0,13.5,-26,-43,22,5,0.002393961540501183,-6.052655972802541e-05,0.00030194953393167744
492,-29.0,75.0,-3.0,0.0,0.0,2.0,-29,75,-1,2,0.031223954205100782,0.0008008790970846762,-0.037328784136104576
493,-29.0,75.0,-2.9,0.0,0.0,2.0,-29,75,-1,2,0.03326289057152254,0.002202967735736285,-0.03570119279883406
494,-25.7,25.3,11.7,3.5,59.0,13.5,-29,75,-1,5,-0.0029664196276784384,0.0014561157090881727,-0.0033481713824833506
495,-29.0,75.0,-2.9,0.0,0.0,2.0,-29,75,-1,2,0.027619969656543227,0.0029114014462866353,-0.03932016547516275
496,-25.0,14.0,4.0,5.5,59.0,21.5,-22,-43,22,6,-0.0055125355344471496,-0.003665667439491296,0.0021731551763948635
497,-26.5,72.0,-16.2,3.5,2.0,10.0,-29,71,-21,4,-0.011037722873313342,-0.01410410627657783,-0.005849446344501825
498,-25.2,32.1,2.0,5.5,59.0,21.5,-22,-43,22,9,0.0010220782174565678,-0.0049835208553748594,0.0026335510043812914
499,-22.4,18.2,12.1,7.5,59.0,21.5,-18,-43,22,7,-0.002904810601000829,-0.010068147827767836,-0.0006473344214430522
500,-26.2,68.8,-3.5,3.5,8.0,21.5,-29,75,-5,7,-0.009708149134767304,0.0018013712941396943,0.006864187761181301
501,-22.9,23.0,2.8,7.5,59.0,21.5,-29,75,-5,7,-0.01136391654600299,-0.0006003587591414662,0.0023254763578346655
502,-26.6,73.1,-11.7,3.5,2.0,10.0,-29,75,-5,4,-0.002485869190182239,-0.002132492146517194,-0.012904630431446368
503,-26.5,73.0,-11.9,3.5,2.0,10.0,-29,75,-5,4,-0.0033028431388568754,-0.0023894067951463283,-0.012069094195932856
504,-29.0,75.0,-3.1,0.0,0.0,2.0,-29,75,-5,2,0.03446208760291728,0.0004214381721319286,-0.03201620122415721
505,-26.8,73.7,-8.8,3.5,2.0,10.0,-29,75,-5,3,-0.015619820043610746,0.0006305582488288718,-0.012494802656636501
506,-29.0,75.0,-3.1,0.0,0.0,2.0,-29,75,-5,2,0.03594218542936142,0.004554661815646894,-0.03129587832267156
507,-24.5,73.0,-12.0,5.5,2.0,10.0,-29,75,-5,4,-0.0032959029507205577,-0.0018119432781931997,-0.013361277434582724
508,-23.1,72.4,-15.4,5.5,2.0,8.0,-29,75,-5,3,-0.009128816131935318,-0.009966580511318029,-0.008712696635759482
509,-24.9,52.2,-18.4,5.5,32.0,8.0,-22,71,-21,6,-0.0037203982912981013,-0.0026588889781310444,0.010719232043258893
510,-24.5,45.4,-18.7,5.5,32.0,8.0,-26,11,-21,7,0.0035871009964096754,-0.006408145989930469,0.0005962778410325405
511,-25.1,49.4,-15.6,5.5,32.0,8.0,-26,11,-21,8,-0.004041584195601057,-0.001303528441049617,0.00823480176522178
512,-24.5,52.1,-13.6,5.5,32.0,10.0,-26,11,-21,9,-0.012616141356493691,0.0030950963278278433,0.001982592437104869
513,-19.8,20.2,-15.1,9.5,57.0,21.5,-26,11,-21,7,-0.008054506682654996,-0.002071324610182444,0.005849631176046227
514,-11.8,27.1,-5.5,23.0,41.5,21.5,-18,71,-21,12,-9.796024602497866e-05,0.0006891891271422275,-0.011600203126449882
515,-17.4,34.3,-11.4,21.0,41.5,21.5,-22,11,-21,12,0.0010115674751689648,-0.000994881426651284,0.011446076633594187
516,-22.2,36.9,-18.9,7.5,32.0,8.0,-22,11,-21,7,-0.0005940832015454767,2.3302701200516896e-05,0.010609580704232947
517,-21.1,36.9,-14.0,9.5,73.0,21.5,-14,71,-21,11,0.00013035555499712367,0.0005335467768150319,0.011185512131022673
518,-20.0,30.6,-21.0,9.5,30.0,0.0,-29,11,-21,6,0.002015802575514696,0.0009164352173408609,0.00271789203100451
519,-27.6,11.0,-21.0,1.5,0.0,0.0,-29,11,-21,2,-0.001905005690371834,-0.035689503389828334,0.02592569703242202
520,-29.0,-30.8,0.9,0.0,41.0,21.5,-29,-71,22,2,0.008280577720055728,-0.010698158663351973,0.0031366591309893613
521,-29.0,11.0,-21.0,0.0,0.0,0.0,-29,11,-21,1,0.006333943456411362,-0.03607875853776932,0.027336101979017258
522,-28.0,-44.7,8.2,1.5,41.0,21.5,-29,-71,22,3,0.0027923585061102848,-0.0005531639825019669,-5.867589891359375e-06
523,-28.0,-44.4,8.0,1.5,41.0,21.5,-29,-71,22,3,0.0024869047069004356,-0.0003500348531304017,-0.00012887590702246132
524,-14.8,24.2,-12.6,13.5,57.0,21.5,-29,11,-21,5,-0.0002394401569222013,-0.004318166583807781,-0.001072443292689009
525,-22.7,-16.1,0.8,11.5,71.0,21.5,-29,-71,22,4,0.019763136280176518,9.472885299000497e-05,0.0014958305047857827
526,-16.7,13.1,-5.8,13.5,73.0,21.5,-29,11,-21,6,0.00010143104800615496,0.0022736896924246785,0.005216084674623793
527,-12.7,51.5,-19.7,13.5,32.0,2.0,-29,11,-21,3,-0.005045775365539019,-0.0006803042718310692,0.005563121062736595
528,-17.3,21.7,-5.7,15.0,73.0,21.5,-29,-71,22,7,0.004749061544036433,0.0012153767463729606,0.00539214000130125
529,-21.7,-26.7,5.0,13.5,71.0,21.5,-29,-71,22,5,-0.0021636702135574277,-0.00036567467605232184,-0.0006878893117658071
530,-17.3,32.5,-10.3,15.0,73.0,19.5,-2,71,-21,5,0.005440595797333832,0.0005106871270006106,0.004920500056921306
531,-20.2,10.0,-0.6,15.0,73.0,21.5,-29,-71,22,8,0.0019713455636213187,-0.0005031926212347747,0.009795939842963508
532,-19.6,-0.0,-2.1,15.0,71.0,21.5,-29,-71,22,7,-7.389769266163038e-05,-0.0063399555130819515,0.0008646937569796026
533,-29.0,5.1,-7.3,0.0,71.0,21.5,-29,11,-21,3,0.0016983123370644807,-0.0026388110893743625,0.003762539299311507
534,-28.3,-14.9,0.3,1.5,71.0,21.5,-29,11,-21,4,0.00799606169933168,0.0027022981055525226,0.0024893569273482315
535,-27.1,-24.0,3.9,3.5,71.0,21.5,-29,11,-21,5,0.0004208832149590779,-0.007285986279242503,-0.0005225907891311753
536,-29.0,41.1,-21.0,0.0,30.0,0.0,-29,71,-21,2,0.004894538143850713,0.002448742804775298,-0.01356022111143636
537,-26.8,52.1,-15.9,3.5,32.0,8.0,-29,71,-21,3,-0.0012038684180628856,0.0015638163556404509,0.015323904580333125
538,-29.0,41.3,-21.0,0.0,30.0,0.0,-29,71,-21,2,0.003087953292708156,0.001883137721753658,-0.01624181710194241
539,-29.0,41.8,-21.0,0.0,30.0,0.0,-29,71,-21,2,0.00035344289887719775,-0.0009467286988082786,-0.020326507085222635
540,-29.0,41.3,-21.0,0.0,30.0,0.0,-29,71,-21,2,-0.000521668555350433,-0.0005231883552718661,-0.017448280977929016
541,-29.0,6.2,-7.6,0.0,71.0,21.5,-29,71,-21,3,0.002663125640249816,-0.00043335498027375534,0.006489631145433311
542,-29.0,40.3,-21.0,0.0,30.0,0.0,-29,11,-21,2,-0.000834526283978776,0.0032659601999788053,-0.01010981212853735
543,-29.0,39.9,-21.0,0.0,30.0,0.0,-29,11,-21,2,0.0009465368417887541,0.004050761983847629,-0.007417342802704576
544,-29.0,39.7,-21.0,0.0,30.0,0.0,-29,11,-21,2,0.0024834972344827816,0.00466120825565262,-0.005574448429572218
545,-28.3,-13.5,-2.2,1.5,71.0,19.5,-29,11,-21,4,0.000737915259575445,-0.00151147595619168,0.003059678777020891
546,-27.8,3.2,-5.9,1.5,71.0,19.5,-29,11,-21,5,0.0031410894495710073,0.0015691866505878717,-0.0025942206453566036
547,-28.1,50.4,-21.0,1.5,30.0,0.0,-29,11,-21,3,0.011885063656216503,0.0020625225780535206,0.027686506764114223
548,-27.8,2.4,-4.0,1.5,71.0,21.5,-29,11,-21,5,0.0028970113254989816,0.0005501468264964467,-0.0034106851755911953
549,-26.8,5.0,-7.4,3.5,71.0,21.5,-29,11,-21,3,0.0022536303447692214,0.0005790919535894965,0.002659195098194341
550,-26.8,4.6,-7.3,3.5,71.0,21.5,-29,11,-21,3,0.0019023882919192686,-8.243222825428539e-05,0.001043182258218887
551,-28.0,30.4,-21.0,1.5,30.0,0.0,-29,11,-21,3,0.0006904031282114891,0.0003168038768227979,-0.0032143175997318162
552,-28.0,30.3,-21.0,1.5,30.0,0.0,-29,11,-21,3,4.4222754199648126e-05,-0.00047354408454583464,-0.00521086023768309
553,-26.4,4.0,-7.0,3.5,71.0,21.5,-29,11,-21,6,0.003810032657319093,-0.0005414085199953228,-0.0010252588204791135
554,-26.4,4.0,-8.2,3.5,71.0,19.5,-29,11,-21,6,0.0025733716800069584,0.000676748538416645,-0.0005113657060813016
555,-25.2,-30.6,6.1,5.5,71.0,21.5,-22,-71,22,9,-0.0036472641405204593,-0.0021590130563491545,-0.00596498389992252
556,-25.2,-7.6,-1.4,5.5,71.0,19.5,-26,-71,18,8,0.0019054021259935472,0.003006547863130078,-0.006796357439639488
557,-24.6,-51.6,13.9,5.5,71.0,21.5,-26,-71,22,7,-0.006075805937748568,-0.008733738653828461,-0.0191760868674626
558,-24.6,13.5,-9.9,5.5,71.0,19.5,-29,71,-21,7,0.0015264044372049967,0.007195131282802294,-0.0005495232280940915
559,-21.3,-59.3,13.6,7.5,41.0,21.5,-22,-71,22,7,0.006747511337163291,-0.0024015716361688623,0.017619092315871845
560,-21.3,-59.7,13.8,7.5,41.0,21.5,-22,-71,22,7,0.004165233417447504,-0.0017176080466269168,0.014238859970517726
561,-21.2,-47.9,8.8,7.5,41.0,21.5,-18,-71,22,7,-0.00030383296054825874,0.001875777610892394,-0.003975586555702085
562,-20.3,-61.3,13.9,7.5,41.0,21.5,-18,-71,22,8,-0.0021168634677874642,-0.0011014112796938328,-0.0020254818233202696
563,-19.2,-53.0,9.9,9.5,41.0,21.5,-18,-71,22,9,-0.004968802374199519,-0.0027284381806181395,-0.012173725493411438
564,-21.9,-29.2,0.1,7.5,41.0,21.5,-29,11,-21,6,0.0028784078767951134,-0.008848286673895147,6.671897575707592e-05
565,-20.2,-35.3,1.0,9.5,41.0,19.5,-29,11,-21,7,-0.0038189300582099957,-0.00834876065673983,-0.0004075098579361101
566,-17.9,-55.3,10.5,8.0,41.0,19.5,-18,-71,18,5,-0.004330532640295165,-0.0025868289717570227,-0.004265268964824273
567,-16.0,-71.0,18.0,6.0,0.0,0.0,-18,-71,18,4,0.02539242419153504,-0.004252482435110177,0.056315439841096875
568,-16.0,-71.0,18.0,6.0,0.0,0.0,-18,-71,18,4,0.022881861195925886,-0.005494428347898632,0.055560921227923325
569,-16.0,-71.0,18.0,6.0,0.0,0.0,-18,-71,18,4,0.014772751847770594,-0.006019010569470083,0.057378192859413514
570,-18.0,-71.0,22.0,4.0,0.0,0.0,-18,-71,22,3,0.017143369659776985,-0.007463283056295727,0.05780831060482231
571,-18.0,-71.0,17.9,4.0,0.0,4.0,-18,-71,14,6,0.014485797820914487,-0.0034593007483893073,0.051347679372588634
572,-18.0,-50.9,9.5,8.0,41.0,21.5,-18,-71,22,8,-0.00047442629784812064,0.0022224989010496583,-0.01499549903082768
573,-18.0,-44.0,3.9,8.0,41.0,19.5,-14,-71,18,6,0.0013242745244128001,0.0003604112326530314,-0.0028077391272901975
574,-13.4,-59.8,12.6,8.0,41.0,21.5,-14,-71,14,7,0.005064329490538363,0.0006965066185360848,0.009633361512778948
575,-14.0,-71.0,22.0,4.0,0.0,0.0,-14,-71,22,3,0.024545537817443962,-0.00445795397793155,0.053457718325895985
576,-10.7,-71.0,16.6,6.0,0.0,4.0,-14,-71,14,6,0.02411004974145539,0.0014016970992332474,0.048055579907464105
577,-10.0,-71.0,16.1,4.0,0.0,4.0,-10,-71,18,4,0.025525748095780194,-0.001851240916030665,0.050889863581092966
578,-11.7,-59.9,11.5,6.0,41.0,21.5,-10,-71,14,7,0.004646945384025528,0.0006963094318742619,0.007822941440506999
579,-10.7,-57.7,10.9,6.0,41.0,21.5,-10,-71,14,6,0.003882468350515158,0.0008061311071595706,0.008486096637680013
580,-16.1,-8.6,-11.7,6.0,41.0,19.5,-18,11,-21,4,0.001875182152651936,0.0012221503212288846,0.0028953183473163805
581,-14.0,-29.7,-3.6,8.0,41.0,17.5,-18,11,-21,6,0.0030488442158986,-0.008547753712811593,0.00041526916886919566
582,-14.0,-29.8,-3.6,8.0,41.0,17.5,-18,11,-21,6,0.003912161560334481,-0.007725634509714997,-0.0026855954135583987
583,-10.0,-50.3,6.2,8.0,41.0,19.5,-10,-71,18,8,-0.007288109643057798,0.006181437042188724,-0.016080767683596918
584,-10.1,-43.1,3.0,8.0,41.0,19.5,-14,11,-21,9,0.003552915354553066,0.0011241947904914798,-0.001977816498636356
585,-12.0,-29.3,-3.8,6.0,41.0,17.5,-14,11,-21,6,0.0051641831879401705,-0.003881496353873678,-0.003170103878239586
586,-8.8,-46.5,7.2,8.0,41.0,21.5,-10,-71,22,10,0.0010116665517882625,-0.0008571239356626623,-0.003160389175951458
587,-6.7,-71.0,16.6,6.0,0.0,4.0,-10,-71,14,6,0.022963459080138915,0.002366313385300079,0.04416204070522897
588,-10.0,-71.0,14.0,4.0,0.0,0.0,-10,-71,14,3,0.022509096256272076,0.013565578590606713,0.04796622787617499
589,-8.0,-50.6,9.4,6.0,41.0,21.5,-6,-71,22,8,-0.004790224287448047,0.00045453242654598625,-0.012429391319545279
590,-7.0,-45.6,5.1,9.5,41.0,21.5,-14,11,-21,10,0.0015755453653476964,0.001315914006904124,-0.003889968705944486
591,-4.8,-51.9,8.0,11.5,41.0,21.5,-2,-71,14,13,-0.004128495231059514,0.001507083118885681,-0.012321043949113101
592,-4.5,-71.0,15.2,5.5,0.0,4.0,-6,-71,18,7,0.02121192978494069,-0.0014754243555237944,0.04694554564873484
593,-6.0,-71.0,14.0,4.0,0.0,0.0,-6,-71,14,3,0.02162493177080802,0.016044710172268488,0.05399726764328744
594,-5.0,-71.0,16.3,5.5,0.0,2.0,-6,-71,18,7,0.027968616471254776,0.004592941766814298,0.050301783850866595
595,-4.2,-71.0,15.9,5.5,0.0,2.0,-6,-71,14,6,0.02998198160576709,0.006991219749056836,0.052163099250437876
596,-3.8,-71.0,16.5,5.5,0.0,4.0,-2,-71,18,5,0.032793280778755575,-0.002380238562640311,0.05140005681818803
597,-3.0,-71.0,15.3,5.5,0.0,2.0,-6,-71,14,6,0.029552042759883077,0.010651315996403538,0.052420911931740304
598,-3.0,-71.0,15.3,5.5,0.0,2.0,-6,-71,14,6,0.025355457136919897,0.01135449398690078,0.051732287073594896
599,-1.6,-59.6,14.7,7.5,59.0,21.5,-2,-71,22,10,0.003479286680198193,0.00043840481231101786,0.007502921960338074
600,-1.4,-71.0,17.2,7.5,0.0,4.0,-2,-71,14,11,0.022488104225683397,-0.005923556798320955,0.04869775283754494
601,-2.3,-71.0,18.1,3.5,0.0,4.0,-2,-71,22,6,0.02177329154977924,-0.002336985120021769,0.04805140025322022
602,-0.5,-71.0,14.1,5.5,0.0,4.0,-2,-71,18,8,0.02551287080229456,-0.001738030685241952,0.04699950979854271
603,-1.1,-71.0,14.5,5.5,0.0,4.0,1,-71,18,9,0.024498399186656816,0.0003254038383846071,0.05029983121596515
604,-0.7,-71.0,16.8,7.5,0.0,4.0,-6,-71,14,11,0.02187714091063957,0.0034587822172450653,0.05122424355853013
605,0.2,-71.0,18.0,5.5,0.0,4.0,1,-71,22,10,0.02469247806154365,0.0006714880775862085,0.049020167409810085
606,3.1,-71.0,18.0,5.5,0.0,4.0,1,-71,14,8,0.028887476316321957,-0.0037212098934393148,0.05183991778621006
607,3.1,-71.0,18.0,5.5,0.0,4.0,1,-71,14,8,0.031544095632076274,-0.0034513969348953727,0.052743072794879754
608,4.3,-71.0,18.4,5.5,0.0,4.0,5,-71,18,10,0.03671325402601524,-0.0024557324965573907,0.050007337923740194
609,4.3,-71.0,17.6,5.5,0.0,4.0,5,-71,14,10,0.03096181553226506,-0.0032307124931487165,0.05487551089182535
610,5.0,-71.0,18.0,4.0,0.0,4.0,5,-71,22,7,0.032342901625152944,-0.004294071415619244,0.052736995293791694
611,5.4,-60.6,11.0,6.0,59.0,19.5,5,-71,14,11,0.002217894669656742,0.0027791585297430323,-0.0030044409360931506
612,6.5,-60.7,11.4,6.0,59.0,19.5,9,-71,14,11,-0.00015217946118417582,0.002209933801317563,-0.0037561592608789593
613,6.8,-49.8,10.6,6.0,59.0,21.5,9,-71,22,11,-0.004178420572271806,-0.002942278014064523,-0.011357953896230245
614,7.0,-41.0,8.4,6.0,59.0,21.5,5,47,-21,12,0.0017826588118245333,-0.000668517689748978,-0.0013662076122956156
615,6.4,-38.5,6.9,6.0,59.0,21.5,5,47,-21,11,0.004080638560039883,-0.0005532703099504217,-0.0005244931333127032
616,6.0,-25.4,3.4,4.0,59.0,21.5,5,47,-21,8,-0.0026987592613334456,-0.015529102154382047,-0.008330906040370893
617,6.2,-34.4,4.3,6.0,59.0,21.5,5,47,-21,10,0.0010525675505083628,-0.0062405982847087505,0.006604924475906186
618,6.6,-34.4,5.5,6.0,59.0,21.5,5,47,-21,10,0.0009480712836175162,-0.002383437195384306,0.00498775194292369
619,7.5,-38.0,4.2,6.0,59.0,21.5,9,47,-21,11,0.000937931665761571,-0.002676606951702087,0.0008656786988047935
620,8.1,-35.0,3.8,6.0,59.0,19.5,9,47,-21,10,0.0005943556861527469,-0.008473128004572509,0.010602301861766139
621,9.3,-35.1,3.9,8.0,59.0,19.5,9,47,-21,10,0.00041318092878869604,-0.0073815971269569096,0.008729729781601353
622,7.9,-37.8,7.4,6.0,59.0,21.5,9,47,-21,11,0.0028690043316008285,-0.0027175401542420085,0.00020034478104103426
623,9.1,-13.1,-9.3,4.0,59.0,11.5,9,-71,2,6,0.011489908765787794,-0.006340020603141653,0.008079718759035815
624,7.4,-35.0,6.1,6.0,59.0,21.5,9,47,-21,10,-0.0038541632923952103,0.00019476107396099385,0.00700544471577745
625,8.6,-33.8,1.6,8.0,59.0,21.5,9,47,-21,10,0.0034693787034362263,-0.020142354221312435,0.0035463957078162127
626,12.2,-25.2,-6.9,4.0,59.0,11.5,13,-71,2,5,-0.0038643250477888996,-0.004696567660104035,-0.0005404964000445524
627,11.8,-23.5,1.9,6.0,59.0,21.5,13,-71,18,10,-0.0027027394495316727,-0.016971593660473665,0.0028627274120451044
628,12.5,-27.4,2.6,4.0,59.0,19.5,13,-71,18,8,-0.015646832930344863,7.47342900831936e-05,-0.020552018201857626
629,13.8,-35.0,3.7,4.0,59.0,19.5,13,47,-21,10,0.0035937406816727246,-0.008513942304130143,0.01055135487064898
630,13.8,-24.9,2.8,4.0,59.0,19.5,13,-71,18,5,-0.005070888692505035,-0.017520080582353,-0.005233241783987611
631,11.6,-23.0,7.4,6.0,59.0,21.5,13,47,-21,11,-0.0039096900884917785,-0.015933808336622467,-0.0025321548791251984
632,14.0,-26.5,2.3,6.0,59.0,19.5,17,47,-21,8,-0.013488604188501736,-0.005087343638184885,-0.0161245989079802
633,16.9,47.0,-21.0,4.0,0.0,0.0,17,47,-21,3,0.005252330224547065,-0.05546872085209041,-0.01020455658006089
634,6.0,53.7,-16.2,25.0,14.0,10.0,17,47,-21,4,0.006954318280278652,0.0038575339526188976,0.004124631345552973
635,-0.8,57.1,-17.1,25.0,14.0,10.0,17,47,-21,5,0.0031820558794476866,0.00019037084037982935,-0.00862427426642864
636,8.1,29.8,-12.7,25.0,73.0,11.5,17,47,-21,5,0.0008762013851227323,0.00015074249883839468,-0.0061942204295149135
637,1.9,36.8,-11.5,25.0,73.0,19.5,17,47,-21,6,-0.0017858730577742093,-8.960379807533965e-05,0.009397018436116764
638,5.1,-5.2,0.1,25.0,73.0,21.5,-29,71,-21,12,0.005632068238308101,0.004084273554440453,-0.005132625575274541
639,-3.0,42.4,-13.8,25.0,73.0,11.5,-29,71,-21,7,-0.0067938258338511226,0.0017166898571541645,-0.0072055340990182515
640,-1.2,57.3,-17.1,25.0,14.0,10.0,17,47,-21,5,0.0017801524601119912,0.0010869191159565029,-0.009692387158432346
641,1.7,35.3,-3.9,25.0,45.5,21.5,-29,71,-21,9,-0.0007852569065938923,-0.004820591802570986,0.012964512467050762
642,-3.7,60.1,-16.5,27.0,14.0,10.0,21,47,-21,6,0.001646184477396768,0.0001533340862192959,-0.014487163160706319
643,-12.9,64.6,-14.5,25.0,14.0,10.0,-29,71,-21,3,-0.0001161863865103,-0.0013020976302963764,0.005475405423071499
644,-28.0,72.3,-14.6,1.5,2.0,10.0,-29,71,-21,3,-0.007141529566326107,-0.008679994473625899,-0.018096537629301086
645,-28.0,72.3,-14.6,1.5,2.0,10.0,-29,71,-21,3,-0.00702635543529025,-0.009102682638011932,-0.0180620869616416
646,-28.0,72.3,-14.6,1.5,2.0,10.0,-29,71,-21,3,-0.005900500709708735,-0.009040926297971263,-0.018134622639426612
647,-28.0,72.3,-14.4,1.5,2.0,10.0,-29,71,-21,3,-0.006423405435155477,-0.007850843519394862,-0.018614918138656514
648,-27.5,73.0,-11.2,1.5,2.0,10.0,-29,71,-21,4,-0.005368977412721323,-0.0017120645304423534,-0.021377856361787392
649,-27.5,73.0,-11.2,1.5,2.0,10.0,-29,71,-21,4,-0.006071508812997453,-0.0016491672209689872,-0.021531338938636176
650,-27.2,50.7,-4.9,1.5,59.0,21.5,-29,71,-21,5,0.0034654299636142217,0.003330468502188516,0.016353844690097923
651,-27.5,34.8,-0.4,1.5,59.0,21.5,-29,71,-21,6,0.002654493036345437,0.0003899780019732484,0.03618062649938949
652,-26.8,50.3,-3.4,3.5,41.5,21.5,-29,71,-21,7,0.0028665222196825532,0.0023493401510493294,0.011231724731679507
653,-26.1,30.1,2.8,3.5,59.0,21.5,-29,75,-1,11,-0.0026359661427618575,-0.0022535574137835584,0.004799044548598612
654,-25.8,37.4,2.1,3.5,59.0,21.5,-26,71,-21,10,0.005985507959998538,0.017481554408579368,0.007130837966246947
655,-7.4,39.9,-0.1,29.0,45.5,21.5,-26,71,-21,8,0.002134749939606385,0.02283889692022815,-0.011194726196205785
656,-25.7,73.0,-11.0,3.5,2.0,10.0,-29,75,-1,6,-0.010661387049606178,-0.0006846754846382987,-0.01871062089102077
657,-25.7,73.0,-10.9,3.5,2.0,10.0,-29,75,-1,6,-0.00978461908008973,-0.0007216393200030886,-0.01689227948404403
658,-25.7,73.0,-10.8,3.5,2.0,10.0,-29,75,-1,6,-0.006987478947275148,0.00021030911908765052,-0.01628601372408862
659,-24.5,47.9,-4.9,5.5,59.0,21.5,-29,75,-1,9,0.00010266465842637465,0.0027621089716059507,0.0054932777132025035
660,-19.4,43.2,-4.3,29.0,73.0,21.5,-26,71,-21,10,-0.004785828639705524,-0.0006591869515937996,-0.021986363510208766
661,-24.2,62.8,-8.2,5.5,41.5,21.5,-22,71,-21,8,-0.000525135738232814,-0.0033987737273056063,0.007624922483760769
662,-12.7,31.9,2.1,29.0,59.0,21.5,-22,71,-21,10,-0.0017279317966242861,-0.0032340823911523276,0.0015047622234479526
663,-21.5,41.2,-0.5,7.5,59.0,21.5,-18,-43,22,11,0.004836583106699383,0.019619811347410924,-0.012503853447781668
664,-14.1,58.4,-2.9,29.0,45.5,21.5,-22,75,-1,12,-0.002340553891691584,-0.016866482113559515,-0.007047494789506364
665,-20.5,29.4,4.9,6.0,59.0,21.5,-18,-43,22,8,0.00018306261599136908,-0.0008302156941908345,0.009933034787164414
666,-20.3,2.7,13.1,6.0,59.0,11.5,-18,-43,22,5,0.0070964934996685,0.004518880697999797,0.012669816956399335
667,-20.0,15.3,10.6,6.0,59.0,11.5,-18,-43,22,6,3.209662023899986e-05,0.016476428492995947,-0.007606928510870526
668,-22.0,75.0,-1.9,4.0,0.0,2.0,-22,75,-1,4,-0.01659673085716808,-0.007903427164644244,-0.06063849250961508
669,-20.2,23.9,8.4,6.0,59.0,13.5,-18,-43,22,7,-0.004737570342575968,0.001554542404100467,0.008675158479287653
670,-20.0,36.1,5.9,6.0,59.0,13.5,-22,75,-1,6,-0.0006106248563776198,-0.01282710329094748,-0.0033266664088208815
671,-20.0,75.0,-2.3,6.0,0.0,2.0,-22,75,-1,6,-0.012630146389985681,-0.007493623987104961,-0.06184508911651966
672,-19.0,45.1,3.8,6.0,59.0,13.5,-22,75,-1,8,0.004273988991282929,0.001322489488929056,0.003952307455290389
673,-18.0,35.0,5.9,8.0,59.0,13.5,-14,-43,22,9,-0.002699450746844284,-0.01797352366620933,0.003537757470585534
674,-19.3,49.3,2.7,6.0,59.0,13.5,-18,75,-1,9,0.0017600551375393852,-0.0005058518619987585,0.0037701860617017613
675,-17.0,29.6,6.9,6.0,59.0,13.5,-14,-43,22,8,0.0006407881227534789,0.0026718192657480527,0.01405767521415974
676,-17.6,39.1,4.8,8.0,59.0,13.5,-14,-43,22,10,0.005453544734007364,0.010460669967464732,-0.020951981696179012
677,-19.1,75.0,-2.7,6.0,0.0,2.0,-18,75,-1,7,-0.010339192184590531,-0.0009663895722807027,-0.06358614351931365
678,-16.0,75.0,-3.0,6.0,0.0,2.0,-18,75,-1,8,-0.009255594984540913,-0.0007537699208116462,-0.06283876966833549
679,-15.8,49.1,2.8,6.0,59.0,13.5,-18,75,-1,9,0.0009291709539355633,-0.000773090216081116,0.0031161536354794325
680,-15.2,51.0,0.5,6.0,59.0,21.5,-18,75,-1,10,0.0016550078431112152,0.0006618224706463801,0.0061343471470251525
681,-15.2,50.4,0.6,6.0,59.0,21.5,-18,75,-1,10,0.0006629976576783689,0.0008051480115194911,0.005821909114310611
682,-14.5,30.0,6.8,8.0,59.0,13.5,-10,-43,22,8,0.0003036277757719396,0.0016283730878287287,0.012053266920808086
683,-15.8,49.5,2.6,6.0,59.0,13.5,-18,75,-1,9,0.0008179613326378664,-0.00012969877462499826,0.004126989017871014
684,-16.9,75.0,-2.7,6.0,0.0,2.0,-18,75,-1,7,-0.015387943269299133,-0.0005921034207121624,-0.05652921583069289
685,-16.8,75.0,-2.7,6.0,0.0,2.0,-14,75,-1,7,-0.01956446902905985,0.0003147163894183982,-0.05495614166595733
686,-14.5,59.0,1.9,8.0,41.5,13.5,-18,75,-1,10,0.000309668333806031,6.398068612750328e-05,0.006697340307978221
687,-16.0,75.0,-2.3,6.0,0.0,2.0,-18,75,-1,6,-0.023140837985645656,-0.0018647642204440108,-0.051316138436253454
688,-15.2,75.0,-2.7,6.0,0.0,2.0,-18,75,-1,7,-0.019623168660796064,0.0002999334646304709,-0.05131354122965789
689,-15.2,75.0,-2.7,6.0,0.0,2.0,-18,75,-1,7,-0.01938574197851377,0.0006192075000771733,-0.04987457438013592
690,-16.0,75.0,-2.3,6.0,0.0,2.0,-18,75,-1,6,-0.023941589071370978,-0.0020317313918602744,-0.04859655556850544
691,-11.2,34.4,5.6,8.0,59.0,13.5,-6,-43,22,9,-0.0011420470007695487,-0.009013629681179969,0.005529999846048165
692,-8.7,12.7,11.4,9.5,59.0,13.5,-2,-43,22,9,-0.0011089914251620244,0.00023661560138702506,0.001437997003254034
693,-11.5,14.4,10.0,8.0,59.0,13.5,-10,-43,22,10,0.0035234683112678653,0.013744378944077795,-0.004539022569895514
694,-11.4,54.6,3.3,10.0,41.5,13.5,-14,75,-1,12,0.0004854628217308253,0.009503807038609379,0.019066421768278295
695,-9.3,46.3,3.6,9.5,59.0,13.5,-14,75,-1,8,-0.0005480728627898501,0.0005025666028171052,0.002592616296210106
696,-8.9,49.4,2.7,9.5,59.0,13.5,-14,75,-1,9,-0.0007752377426267704,0.00021457138276595418,0.0035122073065409435
697,-25.8,3.0,-21.0,3.5,0.0,0.0,-29,3,-21,3,-0.046528750455104025,0.028192610176075685,0.021287417968041088
698,-3.2,-14.9,19.6,7.5,59.0,11.5,1,-43,22,9,-0.0025595970845044736,0.0077366062513854516,0.0037462423196020908
699,-6.5,19.1,9.6,17.0,59.0,21.5,-2,-8,22,11,-0.001909893052944847,-0.01732984313363801,-0.0030317295106376436
700,-5.9,-0.5,12.9,17.0,59.0,21.5,1,-43,22,7,0.0025613321833529924,0.004155813560374524,0.011310724168227487
701,-8.2,-0.3,10.0,17.0,59.0,21.5,1,-43,22,7,0.0045422600534306655,0.0023872651602667703,0.010123264067787317
702,1.3,-43.0,22.0,3.5,0.0,0.0,1,-43,22,3,0.02241901401112524,-0.05301429482770571,0.007757028465194687
703,-9.9,3.0,5.2,17.0,59.0,21.5,1,-43,22,5,0.014096552414475185,-0.0005600523022573495,0.005707532266183412
704,-8.9,2.5,7.4,17.0,59.0,21.5,1,-43,22,6,0.011377710042156076,0.0014649152552285924,0.00629766203430285
705,-8.7,23.0,4.0,17.0,59.0,21.5,-29,75,-21,10,-0.009119607610860251,0.0005702297262006701,0.021856137546433226
706,-9.6,30.7,1.8,17.0,59.0,21.5,-29,75,-21,9,-0.0020500176995840048,-0.003700506079224158,0.0017636765513086767
707,-5.3,-20.6,13.8,15.5,59.0,21.5,-2,-43,22,5,-0.007369219107062879,0.0012602797629747069,0.00217362038595531
708,-7.0,41.6,0.1,19.0,59.0,21.5,5,-43,22,18,-0.0009616662672498352,0.010941057809352195,-0.009751437683778022
709,-8.2,57.4,-2.6,17.0,41.5,21.5,-6,75,-1,14,-0.007761392868712672,-0.00828373718613932,0.0013237480441605936
710,-5.1,44.8,0.7,19.0,59.0,21.5,5,-43,22,12,-0.0011039858532653265,0.00011608419571286808,-0.0016686008025947714
711,-0.3,32.3,5.1,21.0,59.0,21.5,9,-43,22,13,0.0011917474929178298,-0.0036421844451792734,0.0052558070553618405
712,1.6,32.6,10.6,9.5,59.0,13.5,9,-43,22,11,0.0031401712270855424,0.012035910225786237,0.012231399865349173
713,-1.0,37.1,3.4,19.5,59.0,21.5,9,-43,22,14,0.0003637094121782919,0.010946028439948676,-0.0027181744937934144
714,-4.0,64.2,-4.6,17.5,41.5,21.5,1,75,-5,15,-0.0021203545595658638,-0.005810214796531386,0.013279741357247837
715,-2.1,43.6,-0.1,19.5,59.0,21.5,-14,75,-21,19,-0.0005747112724275029,-0.0005743919330903058,-0.008097413797301639
716,-12.2,75.0,-16.6,15.5,0.0,8.0,-14,75,-21,7,-0.0026019486743707474,-0.003197830036629267,0.004929377320013198
717,-6.1,14.2,1.2,15.5,59.0,21.5,5,-43,22,6,-0.003401001026115234,-0.00018808959398594074,-0.0017818421632342526
718,-5.9,46.5,-1.9,19.5,41.5,21.5,9,-8,22,9,0.0005211849994995032,-0.0012045589835875334,0.0009897687966009595
719,-7.6,75.0,-10.6,19.0,0.0,10.0,-2,75,-1,14,-0.013083270152139656,0.0047968999550843505,0.0028450353415596405
720,9.0,-8.0,22.0,4.0,0.0,0.0,9,-8,22,3,0.0033772278498227022,-0.05137764991898264,-0.01392556943782698
721,9.0,-8.0,22.0,4.0,0.0,0.0,9,-8,22,3,-1.1047546702040829e-05,-0.050815969331694646,-0.013594528750162524
722,-2.1,26.7,0.5,17.5,59.0,21.5,9,-8,22,10,0.020475179230566604,-0.02054016019603616,-0.00213007015474673
723,2.5,13.6,6.2,13.5,59.0,21.5,13,-43,22,8,-0.002151236415295041,-0.005865123680326821,0.001038491589869413
724,-0.1,26.5,0.6,15.5,59.0,21.5,9,-8,22,10,0.01895326941740329,-0.02248508105391837,-0.0009882784789868712
725,-2.8,43.3,-4.6,15.5,41.5,21.5,9,-8,22,8,-0.0017068321038376587,0.0009742496534182837,-0.011381422445075541
726,-1.3,30.2,0.5,19.5,59.0,21.5,9,-8,22,10,-0.0015255978760443946,-0.0070239309603432965,0.008598241376521884
727,-0.5,33.6,0.5,17.5,41.5,21.5,13,-8,22,8,0.0025740604272866535,3.683357742592739e-05,0.01317907617878301
728,-4.2,51.8,-9.0,15.5,41.5,21.5,-14,75,-21,7,-0.0026071238298235704,0.0005191880871015526,0.013642187784731715
729,-1.6,44.6,-5.3,17.5,41.5,21.5,-10,75,-21,8,-0.0013893238547648156,0.00017588438239289034,-0.004445995401985883
730,-8.5,63.8,-15.2,17.5,41.5,21.5,-10,75,-21,7,-0.0002920267823066006,-0.000949459540255229,-0.002719376655128523
731,1.6,15.4,0.7,15.5,59.0,21.5,9,-43,22,8,-0.0018235843116952578,0.0033583656498754684,-0.0008216225961055182
732,-4.2,75.0,-21.0,5.5,0.0,0.0,-2,75,-21,4,0.04148309790779861,-0.030942320112328114,-0.022265521548826314
733,-4.2,75.0,-21.0,5.5,0.0,0.0,-2,75,-21,4,0.041725349982143584,-0.02980578226160764,-0.020927116819378217
734,-2.4,75.0,-21.0,7.5,0.0,0.0,-2,75,-21,5,0.040514797534363024,-0.031332610582610915,-0.02198046565131559
735,-6.3,75.0,-21.0,7.5,0.0,0.0,-6,75,-21,5,0.03615074788366338,-0.030948645289528946,-0.02442150009442615
736,-8.1,74.4,-21.0,9.5,2.0,0.0,-6,75,-21,6,0.0212170094691284,-0.024116716374669413,-0.02336206111828955
737,-8.0,75.0,-21.0,6.0,0.0,0.0,-10,75,-21,4,0.04018920976130137,-0.030564608588999915,-0.026078653363043047
738,-6.3,75.0,-21.0,7.5,0.0,0.0,-10,75,-21,5,0.03963919671163082,-0.029743450720991632,-0.024793865760712474
739,-7.7,74.5,-21.0,11.5,2.0,0.0,-6,75,-21,8,0.030132692937021026,-0.022302845417968536,-0.022498129064146215
740,-8.4,74.1,-21.0,11.5,2.0,0.0,-10,75,-21,9,0.018286903168054827,-0.01773680918783953,-0.022377430819444287
741,-4.4,75.0,-21.0,9.5,0.0,0.0,-6,75,-21,6,0.03216060998743095,-0.03020876434887789,-0.027407508518096927
742,-6.2,75.0,-21.0,7.5,0.0,0.0,-6,75,-21,5,0.03436250434158294,-0.030528014406584023,-0.02896476239676694
743,-4.3,75.0,-21.0,5.5,0.0,0.0,-6,75,-21,4,0.03870202245380032,-0.02956480668798357,-0.027926246896662416
744,-4.3,75.0,-21.0,5.5,0.0,0.0,-6,75,-21,4,0.03611650074575139,-0.029020118321342235,-0.029285146265150056
745,-6.2,75.0,-21.0,7.5,0.0,0.0,-6,75,-21,5,0.037271745005374314,-0.02898662952284933,-0.031258277228005144
746,-6.2,75.0,-21.0,7.5,0.0,0.0,-6,75,-21,5,0.03208178029022692,-0.029461415729591402,-0.032713752175743536
747,-6.2,75.0,-21.0,7.5,0.0,0.0,-6,75,-21,5,0.030594888594246594,-0.029630290757388936,-0.0330856658146854
748,-6.1,75.0,-21.0,7.5,0.0,0.0,-6,75,-21,5,0.029883475897104935,-0.03083619819286574,-0.03478485908323466
749,-2.4,75.0,-21.0,7.5,0.0,0.0,-2,75,-21,5,0.0283693791971759,-0.028723520182887218,-0.033603542701209625
750,-2.4,75.0,-21.0,7.5,0.0,0.0,-2,75,-21,5,0.028173712326970225,-0.028589514459987482,-0.03355898593561548
751,-2.3,75.0,-21.0,7.5,0.0,0.0,-2,75,-21,5,0.03110452388350325,-0.02924357514242344,-0.03615475139356843
752,1.3,75.0,-21.0,7.5,0.0,0.0,1,75,-21,5,0.028791283498632254,-0.03040361409307634,-0.03654638883109639
753,1.3,75.0,-21.0,7.5,0.0,0.0,1,75,-21,5,0.03139787015500124,-0.030635595655777677,-0.03760008386946529
754,-0.5,75.0,-21.0,5.5,0.0,0.0,-2,75,-21,4,0.033867499382897,-0.03179653715001629,-0.039057194669298925
755,-0.4,75.0,-21.0,5.5,0.0,0.0,1,75,-21,4,0.03634111284161756,-0.03134098605245929,-0.03874981488672848
756,3.1,75.0,-21.0,5.5,0.0,0.0,1,75,-21,4,0.03268272751268508,-0.029915398352709212,-0.0356208874085605
757,3.2,75.0,-21.0,5.5,0.0,0.0,1,75,-21,4,0.03152026467435822,-0.028325962069482787,-0.03546458273057945
758,3.2,75.0,-21.0,5.5,0.0,0.0,1,75,-21,4,0.03167390500806856,-0.02799790982187232,-0.035286657129105774
759,3.2,75.0,-21.0,5.5,0.0,0.0,1,75,-21,4,0.03296669784836145,-0.02571429471948286,-0.03387561907219981
760,5.0,75.0,-21.0,4.0,0.0,0.0,5,75,-21,3,0.03758676550997862,-0.027599623516309253,-0.034343295760711955
761,5.1,75.0,-21.0,4.0,0.0,0.0,5,75,-21,3,0.0356416528336268,-0.026463139440802877,-0.03350604678195393
762,8.9,75.0,-21.0,4.0,0.0,0.0,9,75,-21,3,0.034385813479297825,-0.029124181266645274,-0.035491597882628526
763,10.9,75.0,-21.0,6.0,0.0,0.0,9,75,-21,4,0.02881491999213452,-0.02991686372320685,-0.03496441548518418
764,11.0,75.0,-21.0,6.0,0.0,0.0,9,75,-21,4,0.027177422098101194,-0.02984581080439465,-0.03523418096858473
765,13.0,75.0,-21.0,8.0,0.0,0.0,9,75,-21,5,0.025386186243920545,-0.02854573649288776,-0.03286972155876857
766,11.2,74.4,-21.0,10.0,2.0,0.0,13,75,-21,6,0.017751934688244916,-0.018376947388582386,-0.026520953894034558
767,14.9,75.0,-21.0,6.0,0.0,0.0,13,75,-21,4,0.024622404336767965,-0.02837443409332916,-0.0325364843327846
768,15.0,75.0,-21.0,6.0,0.0,0.0,17,75,-21,4,0.026772953444437367,-0.031092234432069283,-0.03489772707048389
769,15.1,75.0,-21.0,6.0,0.0,0.0,17,75,-21,4,0.02921677461017371,-0.03149040238729492,-0.034669563466572795
770,16.9,75.0,-21.0,4.0,0.0,0.0,17,75,-21,3,0.030141938029729563,-0.03191993978874254,-0.03383409607889572
771,19.0,75.0,-21.0,6.0,0.0,0.0,17,75,-21,4,0.027739997975559906,-0.03148437741762114,-0.03203031032141729
772,19.0,75.0,-21.0,6.0,0.0,0.0,21,75,-21,4,0.028460057606650335,-0.030644408435412402,-0.03175523410481099
773,19.0,75.0,-21.0,6.0,0.0,0.0,17,75,-21,4,0.030037409355831005,-0.027321664971992517,-0.029929695847465722
774,16.3,74.2,-21.0,10.0,2.0,0.0,17,75,-21,5,0.019743330884677845,-0.016584194900730452,-0.024471245252330444
775,17.8,73.7,-21.0,12.0,2.0,0.0,21,75,-21,6,0.00913319416363843,-0.012835586422827783,-0.021665091170570323
776,17.9,73.7,-21.0,12.0,2.0,0.0,21,75,-21,6,0.007300323712382949,-0.013291077020177119,-0.02219364156320244
777,17.0,73.3,-21.0,12.0,2.0,0.0,9,71,-21,7,-0.0012224312424212094,-0.006025506064259735,-0.020197956438585456
778,17.0,73.3,-21.0,12.0,2.0,0.0,9,71,-21,7,0.00025984387372075986,-0.006312993441331651,-0.018510113645531533
779,17.1,73.3,-21.0,12.0,2.0,0.0,21,75,-21,7,0.0032631158460777565,-0.005892080254385266,-0.018613232811614228
780,20.2,74.2,-21.0,10.0,2.0,0.0,21,75,-21,5,0.02035487259892979,-0.016996443476200628,-0.02193660614203992
781,19.0,73.7,-21.0,10.0,2.0,0.0,21,75,-21,6,0.011886160548147165,-0.009123083050610957,-0.018176115798127047
782,14.8,73.3,-21.0,10.0,2.0,0.0,17,75,-21,7,0.00254951784284324,-0.0015680728808059458,-0.01769306811034263
783,17.4,53.7,-13.4,12.0,67.0,21.5,9,71,-21,11,0.00512839621596977,-0.0026195403953996224,0.0008697310556321728
784,19.2,54.4,-16.4,10.0,67.0,21.5,13,71,-21,9,0.0009061381944613636,-0.0019452597899426846,0.0009959044113936955
785,19.0,73.0,-21.0,10.0,2.0,0.0,13,71,-21,6,-0.004359969419635053,-0.0006759275565793867,-0.014726848283056995
786,18.8,72.7,-21.0,10.0,2.0,0.0,29,75,-21,5,-0.009737544917701346,0.004148692833536335,-0.012513719845499826
787,19.1,73.0,-21.0,10.0,2.0,0.0,13,71,-21,6,-0.00430300881833672,0.0004089828176365627,-0.014467632140257555
788,19.1,73.0,-21.0,10.0,2.0,0.0,25,75,-21,6,-0.002572420056319534,0.0007330102613286642,-0.014658295025630994
789,17.0,41.2,-2.1,29.0,59.0,21.5,25,75,-21,9,0.004050668245383101,0.0008618806006815939,-0.001567227915695447
790,22.5,56.3,-5.1,8.0,24.0,21.5,25,75,-21,8,-0.011446676532593892,0.002994486697511442,-0.0011871127298268658
791,20.9,67.1,-12.3,8.0,24.0,21.5,13,71,-21,7,-0.001148194774032558,0.0007502078947854658,2.848534857504905e-05
792,20.1,69.2,-10.9,8.0,24.0,21.5,13,71,-21,10,-0.002366159505769101,-0.0002830322952335769,0.001543503928473684
793,24.3,50.4,-12.3,6.0,59.0,21.5,25,75,-21,5,-0.0041414613063817315,-0.0003708259167480248,0.001959672117927467
794,23.1,74.1,-21.0,6.0,2.0,0.0,25,75,-21,4,0.01583237511541129,-0.009893045109825927,-0.020027678511390153
795,20.6,73.5,-16.1,8.0,2.0,10.0,29,75,-21,8,-0.00532322625677953,-0.0004928261319262597,0.010401850565006697
796,21.9,74.2,-13.1,6.0,2.0,10.0,29,75,-21,5,-0.007475254579304158,0.0015237800074384073,0.015456236190793289
797,20.6,74.0,-13.5,8.0,2.0,10.0,17,75,-1,8,-0.007967730756132635,0.0014790870758617093,0.014746243652168464
798,22.1,73.9,-12.3,6.0,2.0,10.0,21,75,-1,7,-0.0072493459956339094,0.00207005407798576,0.011190928331851386
799,22.4,73.5,-13.3,6.0,2.0,10.0,21,75,-1,8,-0.007260543711352676,0.0020225476088923085,0.011711143070208324
800,18.2,73.8,-11.9,29.0,2.0,10.0,21,71,-21,10,-0.00840934655605697,0.0023714822637716493,0.008099535486459478
801,18.4,73.7,-13.0,29.0,2.0,10.0,21,71,-21,9,-0.005747688680370837,0.003945783801013451,0.009798332554066948
802,25.1,73.7,-11.0,4.0,2.0,10.0,29,75,-21,6,-0.0064071599781096175,0.0033112976148406553,0.003391408557965652
803,25.6,73.3,-12.3,4.0,2.0,10.0,25,75,-1,7,-0.005780711278583745,0.0027112488674060843,0.008260182822737444
804,25.0,73.0,-11.0,4.0,2.0,10.0,25,75,-1,6,-0.0026050845846331983,0.0012095687925753919,0.004496858905688251
805,18.9,55.7,-8.3,29.0,73.0,21.5,25,71,-21,8,-0.004958198730030045,0.0019479939155542182,-0.00161604375900403
806,18.8,64.6,-15.3,29.0,32.0,10.0,25,71,-21,7,-0.001984273950122865,0.0020187446978036858,-0.007256887867849948
807,8.2,39.1,-14.1,29.0,73.0,21.5,25,71,-21,6,-0.0005007640535138251,0.001381236285749983,0.00047601612555097316
808,-0.4,29.5,-6.7,29.0,73.0,21.5,-29,-71,22,6,0.001154438080847311,0.00044859758403579955,-0.0007470498623837164
809,27.0,71.0,-21.0,2.0,0.0,0.0,29,71,-21,2,-0.03350230409880719,0.02562355826037044,-0.006516069686571415
810,27.0,71.0,-21.0,2.0,0.0,0.0,29,71,-21,2,-0.03358256759725159,0.027807187277335235,-0.0066969143359075275
811,13.8,37.2,-5.6,29.0,73.0,21.5,29,71,-21,4,-0.0038684627952489375,0.004084394980222163,-0.007165871541686856
812,5.8,33.3,-8.9,29.0,73.0,21.5,29,71,-21,5,-0.0021468600470586343,-0.0007157279035265865,0.0017290271921079653
813,-1.4,-1.6,11.1,29.0,73.0,11.5,-29,-71,22,2,-0.0007834109231501732,0.00028300417642228027,-0.006018369438335955
814,-29.0,-71.0,22.0,0.0,0.0,0.0,-29,-71,22,1,0.012092933058738708,0.001238174387253821,0.045153066515922546
815,-29.0,-71.0,22.0,0.0,0.0,0.0,-29,-71,22,1,0.012315109372138977,0.0024329000152647495,0.04863230884075165
816,-29.0,-71.0,18.2,0.0,0.0,4.0,-29,-71,22,2,-0.002007996299402862,0.0013804730032915854,0.03376107980756982
817,-29.0,-32.0,1.5,0.0,41.0,21.5,-29,-71,22,2,0.007547854818483308,-0.010857876583162113,0.0037973920119596847
818,-29.0,-71.0,18.0,0.0,0.0,0.0,-29,-71,18,1,-0.004826657474040985,-0.000364291830919683,0.049049261957407
819,-29.0,-71.0,18.0,0.0,0.0,0.0,-29,-71,18,1,-0.0046044811606407166,-0.0007805228233337402,0.05220561474561691
820,-29.0,-71.0,18.2,0.0,0.0,4.0,-29,-71,22,2,-0.0069843383186690665,0.00019384651673321507,0.04003179433333479
821,-29.0,-71.0,22.0,0.0,0.0,0.0,-29,-71,22,1,-0.007851511240005493,-0.005755828693509102,0.05420413240790367
822,-29.0,-71.0,18.1,0.0,0.0,4.0,-29,-71,22,2,-0.007868660133954977,0.0001725370813471474,0.040670092993583484
823,-29.0,-71.0,18.1,0.0,0.0,4.0,-29,-71,22,2,-0.009713050611690872,0.0019438070062814936,0.0417816790277136
824,-29.0,-71.0,22.0,0.0,0.0,0.0,-29,-71,22,1,-0.01399172842502594,-0.001763070235028863,0.054806169122457504
825,-29.0,-71.0,18.0,0.0,0.0,4.0,-29,-71,22,2,-0.013922185284098129,0.0031763705742090687,0.03788601858422364
826,-29.0,-71.0,18.0,0.0,0.0,4.0,-29,-71,22,2,-0.017600092853964962,0.0027284231715462067,0.038899460190621904
827,-29.0,-71.0,14.2,0.0,0.0,4.0,-29,-71,18,2,-0.020490878706599977,0.004290460104694314,0.044807541572760824
828,-29.0,-71.0,18.0,0.0,0.0,4.0,-29,-71,14,2,-0.02212192534370856,0.003276743871895864,0.04185475482265176
829,-29.0,-71.0,18.0,0.0,0.0,4.0,-29,-71,14,2,-0.02188254073953239,0.0019599769179852265,0.04034440140766086
830,-29.0,-71.0,18.0,0.0,0.0,0.0,-29,-71,18,1,-0.020684674382209778,0.002143178367987275,0.058568187057971954
831,-29.0,-71.0,18.0,0.0,0.0,4.0,-29,-71,14,2,-0.020093458415111422,0.0024096494339875003,0.042810190215507866
832,-29.0,-71.0,17.9,0.0,0.0,4.0,-29,-71,14,2,-0.022961584053870866,0.0029430911012945115,0.04282076590277568
833,-29.0,-71.0,18.1,0.0,0.0,4.0,-29,-71,22,2,-0.0236658739257603,0.0037702479836113825,0.043543768330565925
834,-28.0,-71.0,16.6,1.5,0.0,4.0,-29,-71,14,3,-0.02351707451844302,0.00574010080306727,0.045426445893612305
835,-27.8,-37.4,1.3,1.5,41.0,21.5,-29,11,-21,5,-0.0017029575476496131,-0.0025779554962288053,-0.0015477299456960612
836,-28.0,-15.3,-8.5,1.5,41.0,19.5,-29,11,-21,3,-0.00719630019290502,0.021779573322894596,-0.004841047279640152
837,-27.6,11.0,-21.0,1.5,0.0,0.0,-29,11,-21,2,0.005506958068526397,-0.05987428194479474,0.01066651444646553
838,-28.0,-15.1,-7.3,1.5,41.0,21.5,-29,11,-21,3,-0.00787615913560757,0.00930356644065124,-0.002878930978256678
839,-27.5,-29.1,0.0,1.5,41.0,21.5,-29,11,-21,4,0.0070823153611960605,-0.006976956937756001,-0.00021943476797524363
840,-26.9,-29.4,-1.1,3.5,41.0,21.5,-29,-71,22,6,0.005758087272474293,-0.009794920038747911,0.0072169768461514275
841,-26.7,-35.2,1.1,3.5,41.0,21.5,-29,-71,22,7,-0.0023412327902030084,-0.00865220188539268,-0.0005416578073287903
842,-24.6,-24.1,-2.6,5.5,41.0,21.5,-22,11,-21,7,-8.936072463236624e-05,-0.0061742371208566545,-0.0021739476287941425
843,-25.4,-27.4,0.4,3.5,59.0,21.5,-29,-71,22,11,0.00925183018689681,-0.0001770341732910117,-0.0004813013935931803
844,-25.8,-71.0,20.1,3.5,0.0,4.0,-26,-71,22,4,-0.019344254177767518,-0.009652890670418027,0.04582248501883375
845,-26.4,-54.8,8.8,3.5,41.0,19.5,-26,-71,18,5,0.0013731919002622226,-0.0032628069491041542,-0.0005022444225064912
846,-25.7,-36.5,0.5,3.5,41.0,19.5,-26,-71,18,7,-0.0014381029256734475,-0.0035706364782877725,-0.006590459720670571
847,-24.6,-23.1,-3.1,5.5,41.0,21.5,-22,11,-21,7,0.0018572164480899133,-0.006090824606501106,-0.0009697733757407983
848,-24.7,-29.4,-0.8,5.5,41.0,21.5,-22,11,-21,8,0.005934607260287311,-0.008014936809313769,0.004523326468125237
849,-23.3,-18.7,-5.4,7.5,41.0,21.5,-22,11,-21,8,-0.0011655482209250619,0.00042822357278174926,-0.0019200043650205
850,-22.5,-2.0,-14.2,7.5,41.0,21.5,-22,11,-21,6,0.002870327817151742,0.0025383594226211655,-0.016695795226908124
851,-22.3,-29.4,-1.4,7.5,41.0,21.5,-22,11,-21,10,0.009197441252240174,-0.010408454265103098,0.0019388925444789099
852,-22.5,-2.0,-14.2,7.5,41.0,21.5,-22,11,-21,6,0.003055735759790507,0.00116599186373378,-0.016627242442143406
853,-21.9,-4.5,-10.6,7.5,59.0,21.5,-22,11,-21,8,0.007056707560253931,0.004877821768093154,-0.012081526973471129
854,-21.2,-22.3,-5.0,7.5,59.0,19.5,-22,11,-21,11,0.0018796667527413555,-0.0037661006115360203,-0.00038777219065912454
855,-21.8,-0.9,-9.6,7.5,59.0,21.5,-18,47,-21,11,0.00654778153277541,0.0017126116592139033,-0.014266906410951758
856,-21.0,-16.4,-4.1,7.5,59.0,19.5,-26,11,-21,9,-0.003830792274329116,0.006500151872032829,-0.011338393931176565
857,-21.9,10.0,-15.5,7.5,59.0,17.5,-26,11,-21,6,0.002921493159595016,-0.012289835544142086,0.007494467414030926
858,-19.4,-16.1,-6.0,7.5,59.0,19.5,-26,11,-21,9,-0.00527029727890845,0.005062642397682522,-0.006970081933081939
859,-21.9,25.1,-21.0,7.5,18.0,0.0,-26,11,-21,5,-0.004876110165458023,0.006223847429709696,-0.011166934073607299
860,-21.9,25.0,-21.0,7.5,18.0,0.0,-26,11,-21,5,-0.0049220589099452615,0.006557230075920388,-0.011120757825605957
861,-18.3,-19.5,-3.0,9.5,59.0,21.5,-22,11,-21,11,-0.0007866999338383056,-0.0032049099285276633,0.00353677473443689
862,-18.3,-8.0,-7.2,9.5,59.0,21.5,-14,47,-21,11,0.00977755850691556,0.007180866874228973,-0.0009496612986981954
863,-15.8,-3.1,-8.0,10.0,59.0,21.5,-10,47,-21,9,0.006070504809672924,0.004709852625241078,-0.011965739983556292
864,-15.6,14.7,-15.9,10.0,59.0,21.5,-18,11,-21,8,-0.004490957839876719,0.005533322571657874,-0.01963405335136773
865,-14.1,28.5,-21.0,8.0,18.0,0.0,-18,11,-21,6,-0.0003690181122756238,8.432031486466111e-05,-0.012570266494466471
866,-13.4,22.8,-21.0,8.0,18.0,0.0,-18,11,-21,6,-0.012772382343397932,0.009309013175191908,-0.008106126278052106
867,-13.0,0.3,-11.6,8.0,59.0,19.5,-14,11,-21,8,0.00015071274157597367,0.0008480409967997143,-0.018714679027812417
868,-11.4,14.8,-16.3,10.0,59.0,19.5,-6,47,-21,8,-0.0035597426132353165,0.009038356211892203,-0.018498389896354068
869,-11.6,14.5,-16.3,10.0,59.0,19.5,-14,11,-21,8,-0.002021373020859707,0.0069435774894726,-0.01750571061483401
870,-11.8,26.0,-21.0,10.0,18.0,0.0,-14,11,-21,7,0.003714899030714227,0.002141086987255447,-0.015362462984663634
871,-14.1,17.9,-21.0,8.0,18.0,0.0,-14,11,-21,5,0.0006483786599489158,0.008812890263112402,-0.0002599987132285824
872,-14.0,11.0,-21.0,4.0,0.0,0.0,-14,11,-21,3,0.016776771756768658,-0.061384299624807404,0.015687748064840898
873,-12.0,11.0,-21.0,6.0,0.0,0.0,-14,11,-21,4,0.014197076710472403,-0.0629302075855378,0.014875561523099923
874,-8.7,16.8,-21.0,8.0,18.0,0.0,-10,11,-21,6,-0.0012307263415379324,0.01659942188341736,0.003882655178505876
875,-7.6,-17.6,-4.9,8.0,59.0,21.5,-10,11,-21,10,-0.0032350307553990995,-0.003381142547104604,-0.0019300401498063085
876,-7.6,-4.5,-14.4,6.0,41.0,17.5,-6,11,-21,5,0.0031761773508821598,-0.0008989046556375866,-0.012499107562052938
877,-8.0,11.0,-21.0,6.0,0.0,0.0,-10,11,-21,4,0.01072033945640018,-0.056448854324087985,0.014642054746818282
878,-8.0,11.0,-21.0,6.0,0.0,0.0,-10,11,-21,4,0.010594413847905517,-0.05375215550295033,0.01587389925083222
879,-8.0,11.0,-21.0,6.0,0.0,0.0,-6,11,-21,4,0.009627429274806228,-0.05453547209517026,0.01610524283713311
880,-11.7,16.9,-11.9,15.0,73.0,19.5,-6,11,-21,8,-0.00110401006903124,-0.003228187698766471,-0.009141298411737261
881,-12.5,32.2,-15.1,15.0,32.0,10.0,-6,11,-21,6,-0.004351511471125242,0.00021473314642146398,0.0061162837932631905
882,-12.5,32.3,-15.0,15.0,32.0,10.0,-29,75,-5,6,-0.0048909870389948,-0.00021209235356702387,0.005635020752724686
883,-10.0,21.9,-18.3,15.0,32.0,8.0,-6,11,-21,6,0.002737556868442596,0.0028697183379815614,-0.0019841027938788543
884,-6.3,-16.6,-3.3,15.0,73.0,19.5,-2,11,-21,9,-0.005154257608131912,-0.002617806662150039,0.0035478356540845574
885,-9.1,23.4,-17.9,15.0,32.0,8.0,-6,11,-21,5,-0.0018307794822169127,0.004266090113914579,-0.0026485372822787293
886,-4.3,11.0,-21.0,5.5,0.0,0.0,-6,11,-21,4,0.004752169834781392,-0.057885572368800535,0.015346791042094889
887,-4.3,11.0,-21.0,5.5,0.0,0.0,-6,11,-21,4,0.004955701123226051,-0.05915103448900269,0.014546147745085492
888,-4.2,11.0,-21.0,5.5,0.0,0.0,-2,11,-21,4,0.008128239328985867,-0.05768123157225043,0.015044385984216636
889,-2.3,11.0,-21.0,3.5,0.0,0.0,-2,11,-21,3,0.010657731749515613,-0.059440873479766745,0.014906091159126365
890,-6.0,7.4,-12.8,17.0,9.5,21.5,-2,11,-21,5,0.003645965853452939,3.3273602165538676e-05,0.02550598403438134
891,1.3,11.0,-21.0,3.5,0.0,0.0,1,11,-21,3,0.006476823131603702,-0.06524041536228856,0.01394047368488529
892,1.3,11.0,-21.0,3.5,0.0,0.0,1,11,-21,3,0.007632565208603015,-0.06400207882344629,0.014411518442729506
893,1.3,11.0,-21.0,3.5,0.0,0.0,1,11,-21,3,0.006937399898943435,-0.06480874781290819,0.014100489507240044
894,1.3,11.0,-21.0,3.5,0.0,0.0,1,11,-21,3,0.008447497012518708,-0.06445567771951959,0.014430464882093128
895,1.4,11.0,-21.0,3.5,0.0,0.0,1,11,-21,3,0.00722657452751121,-0.06421938324244153,0.01443870292492811
896,3.2,11.0,-21.0,5.5,0.0,0.0,5,11,-21,4,0.006588485922564436,-0.06414778178324683,0.013818635099023686
897,-7.0,4.6,-6.6,19.0,9.5,21.5,5,11,-21,6,-0.001549801718323672,0.0011983815460991684,-0.000251268491626306
898,-7.8,3.5,-4.1,19.0,9.5,21.5,5,11,-21,5,-0.0024333420392762357,0.0027078022629538315,-0.0041861846640345035
899,-17.1,-25.6,8.2,17.0,27.0,21.5,-29,-43,22,3,0.0006815361235387167,0.0029049103675481665,0.00916414305452883
900,-15.8,26.5,-1.8,19.0,41.5,21.5,-29,75,-5,6,-0.010796472199868077,-0.01805083350985631,-0.0039314684986489976
901,-5.4,33.1,-15.5,19.0,32.0,8.0,-29,75,-5,3,-0.004298344592728799,-0.0009274703990007305,0.008086368432236254
902,-10.6,43.5,-12.9,19.0,32.0,8.0,-29,75,-5,4,-0.008414427841739885,0.0006685241046315125,-0.009002773713156996
903,-15.8,54.4,-10.1,19.0,32.0,8.0,-29,75,-5,3,0.001458722332684032,-0.0005918057437932411,-0.0040794376249146036
904,-16.1,54.9,-10.0,19.0,32.0,8.0,-29,75,-5,3,0.001846900077102713,-0.0009813436042731393,-0.005977570557612799
905,-25.8,75.0,-5.0,3.5,0.0,0.0,-29,75,-5,3,0.007969941958201934,0.02459281507694898,-0.06463573295865463
906,-25.7,75.0,-5.0,3.5,0.0,0.0,-26,75,-5,3,0.01130772311699862,0.024269035592551048,-0.06441284243982577
907,-11.6,50.4,-11.1,21.0,32.0,8.0,-26,75,-5,5,0.003667832537365687,0.003348912172395721,0.01072209956350329
908,-20.5,15.2,4.6,21.0,59.0,21.5,-26,-43,22,7,0.0023627125183870385,-0.0035089408250691956,-0.006238903125599541
909,-16.4,59.6,-8.8,21.0,32.0,8.0,-26,75,-5,4,0.0017052074938014867,-0.0033970173893062903,-0.011020299727469558
910,-25.6,75.0,-5.0,3.5,0.0,0.0,-26,75,-5,3,-0.0023526800799533467,0.02820464415775745,-0.06509566362570812
911,-25.6,75.0,-5.0,3.5,0.0,0.0,-26,75,-5,3,-0.005465824631485118,0.028386691044325583,-0.06410437846596484
912,-22.1,75.0,-5.0,4.0,0.0,0.0,-22,75,-5,3,-0.003290122604874319,0.025079823282987048,-0.06265389254563349
913,-3.8,49.7,-12.8,21.5,32.0,8.0,-22,75,-5,6,0.006968818717115709,0.006065860931023716,0.0068582235583247685
914,-22.0,75.0,-5.0,4.0,0.0,0.0,-22,75,-5,3,0.003627271193527738,0.021792606393131915,-0.06287788844692738
915,-20.0,75.0,-5.0,6.0,0.0,0.0,-22,75,-5,4,0.006865576048006171,0.021198764108897733,-0.06270413735868469
916,-20.0,75.0,-5.0,6.0,0.0,0.0,-22,75,-5,4,0.004337414492860524,0.020583592301567852,-0.06252516388703465
917,-22.0,-43.0,22.0,4.0,0.0,0.0,-22,-43,22,3,0.0033528973350830495,-0.07255382833002617,0.0036958911190210697
918,-6.1,48.0,-11.8,21.5,32.0,8.0,-22,75,-5,7,-0.0007188747516620646,0.009042473357138349,0.006268949384155346
919,-8.3,53.7,-10.3,21.5,32.0,8.0,-18,75,-5,6,0.0034375046503838345,0.0005164059794208587,0.0015565976314096442
920,-20.0,75.0,-5.0,6.0,0.0,0.0,-18,75,-5,4,-0.004109445426050061,0.024227376497519146,-0.06270640876164531
921,-13.0,62.8,-8.1,21.5,32.0,8.0,-22,75,-5,5,-0.00023058757082286582,-0.0028214554431990296,0.010349633288493622
922,-12.9,62.7,-8.1,21.5,32.0,8.0,-18,75,-5,5,0.00044745040570722666,-0.0032363769152024637,0.009007021662415468
923,-3.8,50.4,-11.1,21.5,32.0,8.0,-18,75,-5,5,0.0011667345410198379,0.0047759269413093705,0.009352118940072492
924,-3.6,50.2,-11.2,21.5,32.0,8.0,-18,75,-5,5,0.0004820989293947458,0.0054639514671513565,0.009127389323053486
925,-1.0,49.6,-11.3,19.5,32.0,8.0,-14,75,-5,5,0.00039256137511760184,0.006838044552698654,0.007144437497839322
926,-7.8,7.8,3.8,21.5,59.0,21.5,-14,-43,22,9,0.0005415345062025128,-0.0005227825760348837,-0.0024018615438681917
927,-1.3,50.3,-11.2,19.5,32.0,8.0,-14,75,-5,5,0.0027558835790249606,0.0049397392948242295,0.00823987115061943
928,-14.0,75.0,-5.0,4.0,0.0,0.0,-14,75,-5,3,-0.0031071374949920264,0.025006415694945182,-0.058915553172983824
929,-12.0,75.0,-5.0,6.0,0.0,0.0,-14,75,-5,4,-0.0017289405552601083,0.02370694454016695,-0.05763691162021517
930,-10.1,75.0,-5.0,4.0,0.0,0.0,-10,75,-5,3,0.0006047499358681086,0.02321571776722859,-0.05799780574234901
931,-10.0,75.0,-5.0,4.0,0.0,0.0,-10,75,-5,3,0.002165119534090447,0.023168569661477355,-0.05826152442664028
932,-2.6,59.8,-8.8,17.5,32.0,8.0,-10,75,-5,4,0.000572845302237522,-0.0008582508598412107,-0.01237712189566115
933,5.3,43.4,-12.9,19.5,32.0,8.0,-10,75,-5,6,-0.004707844422850435,0.001389357007810771,-0.004763228832698582
934,2.5,19.6,-1.2,19.5,41.5,21.5,21,11,-21,8,0.00015492462017046283,0.008526241687495207,-0.01225243142290388
935,5.3,18.3,-3.2,21.5,41.5,21.5,21,11,-21,9,-0.0016051279518872299,0.0016560223041492586,-0.007642211066608536
936,4.0,-28.8,8.9,21.5,41.0,21.5,-10,-43,22,8,-0.0011746050319710788,0.0024782204443328103,0.007828458071393799
937,16.7,6.5,-10.8,19.5,9.5,21.5,25,11,-21,4,-0.0005304205763874837,0.0011277342408487331,0.017403228296086315
938,4.1,19.6,-1.2,21.5,41.5,21.5,25,11,-21,8,-0.0012239230849538357,0.01031632366693112,-0.010980400442964335
939,6.4,23.7,-4.4,19.5,41.5,21.5,25,11,-21,7,-0.0011464988083488654,0.008429613584664396,-0.005726570506357116
940,4.8,9.3,2.4,21.5,41.5,21.5,-6,-8,22,8,-0.00046174527914761177,0.0001940230834214838,0.0037395937145379915
941,7.5,11.5,-0.3,19.5,41.5,21.5,29,11,-21,7,0.002663442225425802,0.0028462088510365397,0.012324167658675396
942,6.5,19.7,-1.2,19.5,41.5,21.5,29,11,-21,8,-0.0013764360315166252,0.011159682689154083,-0.011595613831542036
943,6.5,20.2,-1.4,19.5,41.5,21.5,29,11,-21,8,-0.0018452713550335803,0.011434639712004032,-0.010483264553275466
944,12.1,41.8,-13.3,17.5,32.0,8.0,29,11,-21,4,-0.003791150874095074,-0.0025488941698616685,-0.0025808765041977913
945,-2.4,-43.0,22.0,3.5,0.0,0.0,-2,-43,22,3,-0.006052772790293539,-0.06470388315129384,-0.004247228589132594
946,4.8,-9.8,1.1,19.5,35.0,21.5,-6,-8,22,6,0.003990342469232964,0.0020750015100097978,-0.002983026869091083
947,3.5,-15.7,1.0,19.5,35.0,21.5,-6,-8,22,8,-0.0030228386465232958,-0.0022807870672893467,-0.0008917352435892844
948,2.1,-4.4,13.9,19.5,9.5,21.5,-6,-8,22,5,0.0016975502586330312,-0.007741376715447269,0.004239517693396338
949,-4.2,-8.0,22.0,5.5,0.0,0.0,-2,-8,22,4,-0.019713007397943006,-0.051068708102694906,-0.012403035714908566
950,-1.9,24.8,1.0,23.5,41.5,21.5,-2,-8,22,8,0.003340588683311613,-0.016744913736830878,0.007507145007479726
951,-3.1,7.8,13.8,9.5,41.5,21.5,-2,-8,22,5,-0.0013394006612071252,-0.009940147540606653,0.012245411643418237
952,-0.5,-8.0,22.0,5.5,0.0,0.0,-2,-8,22,4,-0.019982915003329185,-0.05199093994418229,-0.013532482049713395
953,-0.6,-8.0,22.0,5.5,0.0,0.0,-2,-8,22,4,-0.021143415130299454,-0.05041360585766807,-0.013577258907912258
954,-2.3,-8.0,22.0,3.5,0.0,0.0,-2,-8,22,3,-0.02473012430996152,-0.051601117952991424,-0.01388315403319033
955,-0.6,-8.0,22.0,5.5,0.0,0.0,-2,-8,22,4,-0.021195847035915295,-0.054195650595734335,-0.013501029643721296
956,-0.5,-8.0,22.0,5.5,0.0,0.0,-2,-8,22,4,-0.023589006640506803,-0.05470968637278697,-0.01344711934819924
957,-0.5,-8.0,22.0,5.5,0.0,0.0,-2,-8,22,4,-0.025245909663590443,-0.053509490847316835,-0.01340190407717548
958,-0.5,-8.0,22.0,5.5,0.0,0.0,1,-8,22,4,-0.026800877856233574,-0.05089642675186463,-0.012607468752220454
959,3.2,-8.0,22.0,5.5,0.0,0.0,1,-8,22,4,-0.01706850873973122,-0.05241794063800117,-0.013503019233451959
960,5.0,-43.0,22.0,4.0,0.0,0.0,5,-43,22,3,-0.00554618919945413,-0.06655383133872261,-0.005018538661220709
961,2.4,11.8,11.7,7.5,41.5,21.5,5,-8,22,4,0.0018240167232071378,-0.006411679971074955,0.0034444997647973263
962,4.5,-22.4,-21.0,9.5,73.0,0.0,-6,75,-21,7,0.0029861968440726,-0.0015819089523938087,0.007602167004995976
963,3.3,-8.0,22.0,5.5,0.0,0.0,5,-8,22,4,-0.024715619087357005,-0.04862682706350523,-0.014683282018920347
964,3.3,-8.0,22.0,5.5,0.0,0.0,5,-8,22,4,-0.029081719086502818,-0.048214150140932346,-0.014214268028028599
965,5.0,-8.0,22.0,4.0,0.0,0.0,5,-8,22,3,-0.028362925679854604,-0.05131905988291943,-0.01460473157252939
966,5.0,-8.0,22.0,4.0,0.0,0.0,5,-8,22,3,-0.027325009917796093,-0.05124537805171337,-0.014826136316004766
967,6.9,-8.0,22.0,6.0,0.0,0.0,5,-8,22,4,-0.026418720362112985,-0.052967183737177376,-0.01535006541947078
968,6.9,-8.0,22.0,6.0,0.0,0.0,5,-8,22,4,-0.027511111280457023,-0.053754042906093466,-0.015719301609004116
969,6.9,-8.0,22.0,6.0,0.0,0.0,5,-8,22,4,-0.030054346220055393,-0.05203239692049073,-0.014907053135888656
970,5.0,-8.0,22.0,4.0,0.0,0.0,5,-8,22,3,-0.040598671503138735,-0.04808540229762568,-0.01295448775878486
971,5.0,-8.0,22.0,4.0,0.0,0.0,5,-8,22,3,-0.040855430734842685,-0.044904409635787665,-0.011918690631411025
972,5.0,-8.0,22.0,4.0,0.0,0.0,5,-8,22,3,-0.0409470341446382,-0.042868094421827437,-0.011343805127972338
973,5.0,-8.0,22.0,4.0,0.0,0.0,5,-8,22,3,-0.038216514790307736,-0.041947736158426424,-0.010489736087269528
974,7.4,-22.8,22.0,9.5,17.5,0.0,5,-8,22,7,-0.00026639615640754215,0.0017026501589296568,0.005601863042121641
975,7.0,-8.0,22.0,6.0,0.0,0.0,5,-8,22,4,-0.03800885820437789,-0.04054132049503054,-0.010783590881302114
976,7.0,-8.0,22.0,6.0,0.0,0.0,9,-8,22,4,-0.037285766474503754,-0.043078485157070565,-0.011801647239644619
977,7.1,-8.0,22.0,6.0,0.0,0.0,9,-8,22,4,-0.036381374543019415,-0.04357185626207963,-0.01197560417684074
978,7.0,-8.0,22.0,6.0,0.0,0.0,9,-8,22,4,-0.03763965972796051,-0.04185798464987372,-0.0115264496175705
979,7.1,-8.0,22.0,6.0,0.0,0.0,9,-8,22,4,-0.0388396243999737,-0.03858696183648447,-0.01074101116879862
980,9.0,-8.0,22.0,4.0,0.0,0.0,9,-8,22,3,-0.036324427244380175,-0.036185098575252435,-0.010987602681122326
981,9.0,-8.0,22.0,4.0,0.0,0.0,9,-8,22,3,-0.03597206389538975,-0.03715233931242989,-0.010881740455923838
982,11.8,10.8,22.0,10.0,33.5,0.0,9,-8,22,7,-0.0048370667670428235,0.006073996300845864,-0.007798322771586821
983,13.4,-20.4,17.6,12.0,21.5,11.5,9,-8,22,10,-0.002940364153593906,0.0005817518968697928,0.0035358331009799644
984,9.7,-28.6,7.9,8.0,31.5,21.5,9,-8,22,6,-0.0035993932555065953,-0.001652192782922215,0.004052760946436709
985,0.2,-8.8,22.0,21.0,2.0,0.0,9,-8,22,5,-0.036817678070643976,-0.014008796296741548,-0.0004868415898768353
986,3.7,0.9,16.3,25.0,35.5,11.5,-29,-12,22,8,0.007884129636462628,0.005804584449696503,-0.0029186766947449337
987,3.1,2.2,15.6,25.0,35.5,11.5,-29,-12,22,7,0.01067183382665453,0.002983407570317592,-0.0061403433891540704
988,9.2,14.7,12.5,27.0,43.5,11.5,-29,-12,22,14,0.008628477093676678,0.013831386328596288,-0.006355301988345936
989,10.6,14.7,11.7,27.0,43.5,11.5,13,-8,22,11,0.006273859721072187,0.014049882711710735,-0.006069536707262146
990,15.2,17.5,9.2,8.0,41.5,11.5,13,-8,22,7,-0.006440795000370536,-0.0031336380018267326,-0.006364622264513359
991,14.9,-6.1,16.6,6.0,4.0,11.5,13,-8,22,4,-0.00521773211697342,-0.002639476563784542,-8.058000317103181e-05
992,25.0,-43.0,22.0,4.0,0.0,0.0,25,-43,22,3,-0.0061427770792627226,-0.05722843795353355,-0.010158257655235283
993,11.9,-13.4,8.1,29.0,65.0,21.5,13,-8,22,15,-6.35679694866214e-05,-0.0016036896539611042,0.00538704782681025
994,9.6,-19.5,3.9,29.0,65.0,21.5,25,-71,-1,19,0.003191597951229447,0.0012499587813589758,0.0019837618947182896
995,7.4,-1.0,-2.1,29.0,41.0,21.5,-26,23,-21,10,0.0035579813074918757,-0.008851565814598476,-0.00027574077495245725
996,22.1,-25.0,5.8,8.0,35.5,21.5,17,-8,22,6,-0.0024351778866512777,-0.006140478775395446,0.007925566887042086
997,22.2,5.0,14.9,8.0,59.0,21.5,17,-8,22,6,0.008402579377116502,-0.0007441555541681133,0.0030738815840997535
998,17.4,-23.8,11.9,27.5,65.0,17.5,29,-71,-1,8,-0.0027482843861966104,0.00225616066380642,0.008808912262633346
999,21.6,6.4,17.6,8.0,33.5,11.5,17,-8,22,5,0.00194315360011479,0.0012769302677158902,0.01192433789060534
1000,20.9,-17.8,13.7,8.0,25.5,21.5,17,-8,22,5,-0.005854214895285122,0.003450561468772284,0.00498587332003418
