Reynolds,TemporalContext,KE_1,KE_u,KE_v,KE_w,KE_u^2,KE_u v,KE_u w,KE_v^2,KE_v w,KE_w^2,KE_MSE,Helicity_1,Helicity_u,Helicity_v,Helicity_w,Helicity_wx,Helicity_wy,Helicity_wz,Helicity_u^2,Helicity_u v,Helicity_u w,Helicity_u wx,Helicity_u wy,Helicity_u wz,Helicity_v^2,Helicity_v w,Helicity_v wx,Helicity_v wy,Helicity_v wz,Helicity_w^2,Helicity_w wx,Helicity_w wy,Helicity_w wz,Helicity_wx^2,Helicity_wx wy,Helicity_wx wz,Helicity_wy^2,Helicity_wy wz,Helicity_wz^2,Helicity_MSE,Enstrophy_1,Enstrophy_wx,Enstrophy_wy,Enstrophy_wz,Enstrophy_wx^2,Enstrophy_wx wy,Enstrophy_wx wz,Enstrophy_wy^2,Enstrophy_wy wz,Enstrophy_wz^2,Enstrophy_MSE
3.6,7,4.9670260491738995e-17,1.4899225440689654e-17,-4.8515839262973e-16,1.3302869713823902e-16,0.5000000000000002,7.76737002633984e-15,-2.029123613929159e-15,0.500000000000002,2.225106007219313e-15,0.4999999999999937,2.597926809313866e-33,-2.573703387708722e-19,5.085430227711645e-16,5.811246001978691e-15,-8.798538519279545e-15,2.6549753891712255e-15,5.675606030918223e-17,2.2587988756770596e-16,-9.071288132410302e-15,-1.0642356883418165e-13,1.6197847879962873e-13,0.9999999999999493,-5.671217183549812e-15,-2.155925703431954e-14,3.4429355665480145e-14,2.560308270322376e-14,3.165612051594612e-14,1.0000000000000893,-2.8798761563823025e-14,-1.0165423120461308e-13,-4.29688246908393e-14,1.0491656409890977e-13,1.0000000000003912,3.141756489758625e-15,2.5240543295194223e-14,1.627439117025929e-13,-2.474220394971969e-15,-1.0406549312598433e-14,3.610727967583767e-15,2.947314444419114e-36,9.125351082065347e-20,-2.954236701583035e-16,-4.122602332416421e-17,-6.41946580725327e-18,0.4999999999999609,3.688384090955757e-15,-1.115099884751305e-14,0.49999999999999944,-1.4106353800822758e-16,0.5000000000000008,8.443678751892275e-38
3.6,6,5.82888445040042e-17,-2.626664091984314e-17,-1.5378751058070446e-16,1.8256730685613993e-16,0.5000000000000001,4.172903466873846e-15,-2.3134697513849274e-17,0.49999999999999134,-4.6476950658611e-16,0.5000000000000001,3.346867900794694e-33,-6.71997941334618e-19,1.2424781333168435e-15,8.470247888966728e-15,-2.1264520451451325e-14,-4.5191293192393936e-15,1.1699615212632692e-16,-6.0835138081552e-17,-2.2363883677943e-14,-1.6094927216738845e-13,4.03439629456454e-13,1.000000000000104,-1.6399570144388525e-14,-1.2760045018692348e-14,-1.056199914664898e-14,8.493739829998184e-14,2.6726904579877744e-14,1.0000000000002658,1.7267874083088023e-13,-2.885769390697414e-13,-8.451683084090681e-14,3.169291073535935e-13,1.000000000000317,-1.0764051704141292e-13,-6.7196279825732906e-15,8.935688445171266e-13,-1.3315174546833048e-14,-1.3729957309096598e-14,3.826101454961194e-14,6.969720465340862e-36,1.2979261490510421e-19,3.0303366223359373e-16,4.3247448322448394e-17,2.54552711793695e-17,0.5000000000000387,1.5729530821245277e-15,4.068693013080462e-15,0.4999999999999996,-6.320639027542268e-17,0.5000000000000001,8.885804365325559e-38
3.6,5,6.60002091465573e-17,-2.9336249327558617e-17,2.191197385228792e-16,3.0244254493828704e-16,0.5000000000000003,-3.4324461904048082e-15,-5.340196890247212e-15,0.49999999999999056,4.824753662481734e-15,0.5000000000000047,4.289741581416037e-33,-3.7896785683043226e-19,7.625136205703016e-16,3.1875322411646478e-15,-1.4078582053365637e-14,-2.873791443044322e-15,1.6446079689291914e-17,-7.463612067870898e-17,-1.3487638860515533e-14,-5.916456989310456e-14,2.5833969389148167e-13,1.0000000000000608,-4.887319764260642e-15,-4.374974054379076e-15,3.877312875975192e-14,2.317689080844373e-14,6.18856866774821e-15,1.0000000000001028,1.3752609806832079e-13,-1.4034305764160323e-13,-5.057235151259701e-14,1.053688777517919e-13,1.000000000000128,-7.838646848662073e-14,-1.305311548317162e-13,5.492567028677003e-13,-3.0462901385034043e-15,-7.309886672443668e-15,2.411206953061434e-14,1.8741087470561542e-36,2.6268607726527916e-19,5.87081542029391e-16,5.972865192926029e-17,1.636407890876216e-17,0.5000000000000603,2.5428869493435537e-15,-5.14583212488473e-16,0.4999999999999992,1.437210061106094e-16,0.4999999999999996,1.6634890563680565e-37
3.6,4,7.303115926182628e-17,9.639403326712392e-17,-2.4241921063686067e-15,-1.1102544513968126e-15,0.4999999999999979,4.545965482810414e-14,1.8886637300487846e-14,0.49999999999998984,-2.3234671675024443e-14,0.5000000000000099,5.161744824840842e-33,-1.838359562649087e-19,7.081891039388088e-18,1.633451946289887e-16,-2.784186694787723e-16,2.000626992208873e-18,2.4730262081888965e-18,6.3868605679681696e-18,-4.590466784308122e-18,1.409959046855972e-15,2.2120052991303628e-15,1.0000000000000002,-3.5485747647857235e-17,-2.4974825964569477e-17,7.456948485033207e-16,-1.932808192850273e-15,-2.247975376204985e-15,0.9999999999999999,-9.867005614988284e-16,-5.084021375761272e-16,-1.1298566628581449e-14,3.756389455950654e-16,0.999999999999998,-2.731162116484409e-16,4.979462158202359e-15,0.0,2.2382089607788563e-16,-1.3973440960644903e-16,4.006187167639387e-17,7.729094500971182e-38,1.7276150106822744e-19,-4.458825034756423e-16,4.0071727678283545e-17,-1.951526802836719e-17,0.4999999999997343,-3.4379560145604707e-15,-1.9851869779918678e-14,0.5,-3.5251483734169184e-16,0.4999999999999997,1.0270832289668002e-37
3.6,3,8.02889142195233e-17,1.2226495711393737e-16,3.8869248934067573e-16,4.848520511501141e-16,0.4999999999999985,-4.386283755298796e-15,-8.052206334873466e-15,0.4999999999999917,7.478198406842003e-15,0.49999999999999983,6.723142232839511e-33,-7.546549063088477e-19,5.486659810913392e-16,9.487250521609066e-16,-7.712916841005299e-15,-6.6184049974510495e-15,5.711877066445973e-17,-9.853879871165985e-17,-9.365341303024163e-15,-1.2963887470457922e-14,1.3859002536888962e-13,1.000000000000139,-8.257288639902012e-15,-2.430296350694442e-15,1.0271771569787407e-13,-6.566880720598498e-14,-1.2775150772402103e-14,1.000000000000058,-1.364605646369517e-13,-6.269631634005795e-14,1.673652623187041e-14,1.8430732464927004e-13,1.0000000000002034,-9.59427775568228e-14,-1.756576562695564e-13,8.034873107032511e-13,-6.458697555060545e-15,-6.342120233941989e-15,2.5039485902979513e-14,5.272612099557103e-36,2.294627116752354e-19,3.7845986397033074e-16,2.0866695740173872e-17,2.1375768359699172e-17,0.5000000000000461,-4.17663079162628e-15,-5.2089605662860035e-15,0.5000000000000001,-3.2370495687846933e-17,0.49999999999999983,7.989111999614748e-38
3.6,2,9.344359508034916e-17,-5.245548709856865e-17,1.1663478591102317e-15,4.2398977088905537e-16,0.5000000000000013,-2.09532878571588e-14,-8.281496959944482e-15,0.4999999999999986,1.5470842255323742e-14,0.5000000000000009,8.959091715678745e-33,-2.89375514289281e-19,3.087359433984422e-16,-4.1263183528325833e-16,-3.952319425387467e-15,-3.633341849208603e-15,1.1291167386038263e-17,-3.712212008385069e-17,-5.3473704527077626e-15,8.96397669627161e-15,7.336085591068379e-14,1.000000000000066,-6.53491701493234e-15,1.353843660873484e-15,1.0978678688295289e-13,-8.937304397633962e-14,-7.149968432134062e-15,1.0000000000001077,-1.92600193698082e-13,-5.5195270538007265e-14,1.5418271006749766e-14,1.5833288880170793e-13,1.0000000000000895,-4.175046133849419e-14,-9.178611536940043e-14,6.891783248344845e-13,-3.6334318625887765e-15,2.3082302088967512e-15,2.0108120515558886e-14,4.683295796093551e-36,2.0288401920320043e-19,-3.325327878148805e-16,1.0861216082153365e-17,6.422095829653121e-19,0.5000000000000385,2.6157427732393513e-15,-5.724663199113032e-15,0.5000000000000007,2.804128914894973e-17,0.5000000000000004,1.276047329910332e-37
3.6,1,1.1589727448072431e-16,1.229032531143608e-18,9.793001263938893e-16,2.653904044170475e-16,0.5000000000000003,-1.589712069810149e-14,-4.458821640646444e-15,0.4999999999999992,1.05910431514362e-14,0.49999999999999734,1.369728564780352e-32,1.8991306355408753e-19,-3.9337920121937888e-16,-8.848560420025516e-16,4.194018993525265e-15,2.6786690252983247e-15,-2.1338526928064457e-17,5.749893390416369e-18,6.577574893093899e-15,8.522447967198076e-15,-8.17480816445177e-14,0.9999999999999074,4.240689668968557e-15,-3.509296462642656e-15,-8.836955712635608e-14,1.2997598498936752e-13,1.497081222197737e-14,0.999999999999723,2.6705927245579106e-13,1.401875190010318e-13,1.3483180195732922e-14,-4.164031249044337e-14,0.9999999999999126,4.668365748491222e-14,4.18220737486329e-14,-6.309372118982417e-13,5.559439193959822e-15,-8.333130646245149e-16,-1.796218448478795e-14,5.6037803273801784e-36,2.542694913158014e-19,-2.0746386596329493e-16,-2.1319204211210017e-17,2.1403969640864044e-19,0.5000000000000301,-1.4773627917731863e-15,-5.3993726574111056e-15,0.49999999999999967,-1.2894497908809397e-16,0.5,9.095009475148849e-38
4.6,7,-9.072193697121277e-19,1.477684985701723e-16,-6.157232081595912e-16,-1.1505603010648325e-15,0.49999999999999845,7.195188184029063e-15,1.2548885082579068e-14,0.49999999999999994,2.7771189198087492e-15,0.4999999999999963,1.3148791795437223e-36,-1.0808668271960896e-19,1.6107575658424567e-17,-2.9438692635140266e-17,-1.4173467207986544e-16,1.6194301614198731e-16,2.41880611815823e-18,1.1597207878735394e-17,-1.6427624319312907e-16,1.4915715040853845e-16,1.209028197061366e-15,0.9999999999999992,-3.1210129750275986e-17,-1.7708087334087285e-16,-1.190579357512953e-16,-8.146576541950721e-16,1.9412468420187774e-15,0.9999999999999999,-1.5648161139460736e-16,-6.539809207871524e-16,6.003705440707908e-16,-3.702470586203576e-16,1.0,2.864377766933892e-16,1.1565456174133535e-15,-1.5633621685730145e-16,-3.3982430305748093e-16,-1.729655879479925e-16,2.641268185803827e-16,2.5517467688294076e-38,1.2367951563653616e-18,6.89546148755384e-16,3.471028437003729e-17,6.344992267494002e-17,0.5000000000000002,1.4887874912733386e-15,-2.5642532429516868e-15,0.4999999999999993,-3.5297715589256213e-16,0.49999999999999933,1.9425147572192475e-36
4.6,6,-2.721658109136383e-18,1.458273783727926e-16,-3.309520334946877e-16,-4.485531283766459e-16,0.4999999999999982,3.5162454752061293e-15,5.5084847150332874e-15,0.5000000000000002,-5.022943619407506e-16,0.5000000000000043,2.767736613371998e-36,-1.9574321049238035e-17,-4.3851700584474304e-15,3.632779302790912e-14,9.377868844437962e-14,-1.1500130497452265e-13,1.7968805918905596e-14,-5.111790228124515e-15,6.496424031846508e-14,-3.587699614121342e-13,-1.2879463050201445e-12,1.000000000001745,-2.443660006454105e-13,1.1058414793636064e-13,8.797994718911635e-13,-1.4948632823276047e-12,3.275751012886421e-13,0.9999999999994278,3.2096376290791246e-13,-3.8622210287469314e-13,-2.861936411191906e-13,-3.277720081828488e-13,0.9999999999999658,2.9530571792001007e-13,1.1269602267119567e-12,4.809876079415586e-12,-1.2465098918881162e-13,-1.0698550089535118e-12,2.421919707082996e-13,9.778148909500799e-34,1.3218469722758736e-18,2.0395540135082844e-15,-8.027129828596826e-17,1.2276829157988276e-16,0.49999999999999967,1.9252465366944035e-15,-5.84791479248275e-15,0.5000000000000004,-3.3864674475068064e-16,0.5,4.359561136413822e-36
4.6,5,3.175267793992447e-18,7.864142836793432e-18,1.1174516940200793e-17,-9.396711339756152e-17,0.49999999999999967,1.7049670710583726e-15,2.1409938675633568e-15,0.4999999999999996,-4.584166178958837e-16,0.500000000000003,4.907672169749278e-36,-7.80881984828388e-18,-7.244635110484696e-16,3.529926113786329e-14,2.7709694951425982e-14,-4.1574914029917176e-14,9.58580972545498e-15,-1.9229083786203405e-15,1.1400257811123038e-14,-4.0974983247303404e-13,-3.8152832292063766e-13,1.0000000000006166,-1.360736215677933e-13,2.2217765465283693e-14,5.341918305273081e-13,-8.793665857671047e-13,1.1757548115737889e-14,0.9999999999997129,5.562727826340428e-15,-5.881248551338783e-14,-6.046736818582264e-14,-2.920700601679884e-15,1.000000000000245,9.788051706335955e-14,5.053166775368652e-13,2.0130268911320994e-12,-6.276906645047861e-14,-5.502991298418458e-13,1.1325995905090214e-13,1.559485816514836e-34,1.3820920085458196e-18,-3.485478810353718e-16,2.981192718049912e-17,-1.3475704565263395e-17,0.49999999999999,5.390088366621099e-16,-5.62687775917368e-16,0.5000000000000006,8.209128976934019e-18,0.5000000000000004,2.0981515144757946e-36
4.6,4,4.5360968485606385e-19,1.5514048681348512e-16,-2.0976771226719396e-16,-1.2461268095312182e-16,0.499999999999998,3.5301449193477825e-15,3.3469556015911134e-15,0.49999999999999883,-2.5067526831382037e-15,0.4999999999999984,1.7621698504719977e-36,-2.6622990292821715e-18,-9.701457754468845e-17,1.9286129271666112e-14,1.0546586415690482e-14,-9.731225782871007e-15,2.838572986869323e-15,-4.647309560342977e-16,1.431538690450595e-15,-2.41061726143827e-13,-1.3926117693798848e-13,1.0000000000001,-4.553283004504295e-14,1.1460922813571224e-14,2.02427637746843e-13,-3.1715656979599944e-13,-4.278019126874839e-14,0.999999999999817,-1.138393469519307e-13,1.7279402359239706e-14,-5.39157503795766e-15,9.735783477892401e-14,0.9999999999998238,3.054381617657263e-14,1.7333319646029298e-13,7.152251248889101e-13,-1.8203730337834177e-14,-1.59160755892594e-13,4.2936556955367127e-14,2.397015588337903e-35,1.5876338969962234e-18,1.4899936934305014e-15,-8.55718320153159e-17,7.013070015215478e-17,0.5000000000000089,-7.174010253821083e-16,1.3614334414744795e-15,0.4999999999999988,-3.8887450313942295e-17,0.49999999999999906,3.143980860100103e-36
4.6,3,-9.072193697121277e-19,8.666848845758154e-17,-6.8008277572197405e-18,-1.8521121099308847e-16,0.4999999999999992,2.4685822813231994e-16,-4.1573228731059295e-16,0.4999999999999987,-1.3706166182669022e-15,0.4999999999999993,5.697966064071339e-37,-1.072893219454479e-18,-1.0325714382841349e-17,7.289325344998473e-15,3.4096287511333624e-15,-2.25810221214229e-15,2.2290314935149984e-16,-1.174756867515071e-16,1.1097179913273992e-16,-9.500214509513112e-14,-4.1401600338447046e-14,1.0000000000000027,-7.302822477438151e-15,5.167103762108114e-15,4.438113471127042e-14,-9.339417770031652e-14,-1.7605321510347186e-14,0.9999999999999127,-6.120497756168176e-14,-7.80768507300626e-15,-6.354140138102706e-15,6.993669979827391e-14,0.9999999999998626,-2.388338843577872e-15,4.843944258351971e-14,2.540895768854044e-13,-1.4138892776207122e-15,-1.0870789189315e-14,1.6042740069967146e-14,4.092739291751834e-36,1.7081239695361155e-18,7.615388096156816e-16,-6.00130238202055e-19,2.8892002949190215e-17,0.4999999999999727,6.179924639247254e-16,-3.493987895759392e-15,0.4999999999999996,-1.0131359656024071e-16,0.49999999999999944,2.806817930569339e-36
4.6,2,2.721658109136383e-18,2.6606044439681856e-16,2.7561349499908108e-17,-2.235770166832436e-16,0.499999999999996,2.1482842828208217e-15,3.588102154554813e-15,0.5000000000000006,-3.708028518723345e-15,0.49999999999999345,1.6354441916824955e-36,-3.9425060500185237e-19,2.5578058157329547e-17,1.888528911682692e-15,7.775353556235556e-16,-9.047330276536853e-16,-1.9899689707679735e-16,-4.072919684256447e-17,-3.41148060249285e-16,-2.555517037771558e-14,-8.485905977307954e-15,0.999999999999996,8.320026092772883e-16,1.3075528442382554e-15,4.947597269559933e-15,-2.569828342580378e-14,-5.1774731424693685e-15,0.9999999999999578,-2.7095612440444057e-14,-4.7091830437203816e-15,-9.077946115265548e-16,3.5268508893395194e-14,0.9999999999999514,1.5611974801104897e-15,1.080251267170529e-14,9.872283821355274e-14,1.0511876803614752e-15,1.1848575844468104e-14,5.4711275626804514e-15,7.593490049807164e-37,1.8144387394242554e-18,-5.292531586287014e-17,7.427479974167302e-18,-4.427833331363934e-18,0.4999999999999831,1.3840430398352978e-15,-2.957927333811982e-15,0.4999999999999997,9.912277514453137e-17,0.5000000000000007,3.389645695705596e-36
4.6,1,4.536096848560639e-18,-6.043241808057794e-18,4.532622829094661e-16,-9.323863527672307e-17,0.49999999999999956,-6.879114766286534e-15,1.274245067256213e-15,0.5000000000000002,4.71868289041693e-15,0.499999999999991,4.891797972533046e-36,-9.479733648359147e-20,-2.117210568861178e-17,-2.2882954493874586e-17,3.3282438711017344e-16,-2.029996112269743e-16,-2.0340958153412308e-16,-7.216491017456213e-18,2.3382927124061263e-16,2.0739565471526314e-16,-2.4369110135055076e-15,0.9999999999999984,2.275822304291851e-15,-5.626517720817806e-17,-2.8230730468020386e-16,-6.468567959791639e-15,-8.394511049579676e-15,0.9999999999999876,-7.677180196358443e-15,-3.756460583814583e-15,2.5939271321549937e-15,1.1700805026758277e-14,0.9999999999999989,-5.983371429929302e-15,2.2631570233393677e-15,2.5879229565196762e-14,3.465755176303008e-16,1.1292544082635707e-14,1.1703826924352901e-15,6.700273281432017e-38,2.1546460030663035e-18,-1.6123171641640932e-16,2.349008058385343e-17,7.827533730644e-19,0.4999999999999835,1.085254270955354e-15,2.440232634937937e-15,0.49999999999999983,-2.0618211131781143e-17,0.4999999999999996,4.508141950348732e-36
5.2,7,2.721658109136383e-18,-1.2036366527740565e-16,-2.6460250407602418e-16,1.1820580076474376e-15,0.5000000000000007,5.285326688434655e-16,-5.489184306080849e-16,0.5000000000000003,-6.88113893443541e-16,0.5000000000000003,1.3164331093978006e-35,6.015644062837253e-19,-5.069232574030855e-18,7.055077634593689e-17,-6.759819733470778e-17,-9.568653676674572e-19,-1.5273082650034228e-17,-3.848414234495236e-18,-4.473551359776071e-17,-8.057246984497418e-16,8.671933727070511e-16,0.9999999999999999,-1.0564082270987787e-17,4.242885265312484e-17,-1.454298180580071e-16,1.0055428362384345e-17,-2.374134225880881e-16,0.9999999999999994,-2.4692560516401557e-16,8.275955473924015e-17,-5.795233165341706e-16,-6.06748838291036e-16,0.9999999999999989,-2.721106387931322e-15,7.681987810958715e-16,-1.369230563357864e-15,5.3083213951925526e-17,9.83400591675006e-16,8.087174509014771e-17,7.871966227209185e-38,9.27773558557168e-18,3.079299387972439e-16,1.3458531992665964e-17,3.098449467058377e-17,0.49999999999999567,6.930831928607562e-16,4.0147741211450787e-16,0.4999999999999997,-1.9500544950589867e-16,0.5000000000000001,8.575688658223896e-35
5.2,6,3.628877478848511e-18,-1.4125496710807834e-16,-4.620577783439813e-17,4.490775780167625e-16,0.5000000000000013,-1.3846474095152953e-15,-3.998809635382279e-16,0.500000000000001,8.667512396126457e-16,0.49999999999999967,7.865296332100262e-36,5.537227598340623e-19,-5.217781209820278e-18,-3.067420407659407e-17,-3.303928676185476e-17,-1.2824564062860838e-16,-1.734179409936208e-17,-6.32647334082551e-18,-2.6727413858334686e-17,4.632006315517427e-16,5.672558800562107e-17,1.0000000000000009,3.2318202255699874e-16,8.093159526560747e-17,-2.7766432393254667e-16,2.3888054458873333e-16,1.0648890803056353e-15,0.9999999999999996,-9.284713637518836e-16,-2.1807290708332976e-16,2.348378755980709e-16,4.519704482052521e-16,0.9999999999999999,-3.2280240345576553e-15,-8.16578040739865e-16,1.32167812018771e-15,-3.311157330491125e-16,4.4071413057249215e-16,1.0730062698849983e-16,9.762952558113691e-38,1.0362146238430708e-17,3.0039654301871977e-15,-1.571321444824695e-17,9.42956607681245e-17,0.5000000000000049,-3.284541504686074e-16,-3.4025334907058503e-16,0.5000000000000002,-6.095180151168817e-16,0.5000000000000006,1.0273857506907188e-34
5.2,5,-1.3608290545681915e-18,-1.1688902178251073e-16,-1.1757057738392782e-16,6.415441212852771e-16,0.5000000000000012,-6.128918209350405e-16,-4.1661369884082845e-17,0.5000000000000002,1.3545063666601549e-15,0.4999999999999994,2.7092633046387867e-36,-1.3537414032423155e-18,-8.630672970405901e-16,-5.832186109967016e-15,-3.0012463123225567e-15,-5.261980374752318e-15,-1.44648747787195e-15,7.792045617644361e-16,1.064550837190415e-14,8.970376900740597e-14,3.6167032277067144e-14,1.0000000000000573,2.9732919036927016e-14,-1.5200406385357874e-14,7.792023033530891e-14,8.302605221888119e-15,1.7952671400911027e-14,1.0000000000002158,-1.7902912478648582e-13,1.042044891835826e-13,3.505690394043969e-14,-2.7510244681906217e-13,1.0000000000002247,8.794376910050238e-15,-2.155369932294764e-13,7.226852916454101e-13,1.5592862003330973e-14,1.3568802963815305e-13,4.441612580866449e-15,6.665711468265762e-35,1.0362146238430708e-17,1.3874932515047685e-16,-1.7210589938803134e-17,-5.855675444453384e-18,0.5000000000000048,1.066558199122534e-15,-1.7524680587934365e-15,0.4999999999999987,-4.709314832214049e-16,0.49999999999999967,1.055928428797297e-34
5.2,4,-1.8144387394242554e-18,-2.48652897417755e-16,-7.005135984115563e-17,1.920175735437251e-16,0.5000000000000029,-1.6932991512283263e-15,1.4446122223588785e-15,0.5000000000000007,-7.895846581578841e-17,0.49999999999999895,3.3958055893070736e-36,8.558338975995267e-19,2.918571382653405e-16,1.6927849299738052e-15,4.494033447190003e-16,2.7606571958813334e-15,1.508955959136018e-16,-8.192065755439615e-17,-3.627883604611092e-15,-2.5361270662387832e-14,-5.876669580731578e-15,0.9999999999999668,-4.577086635436642e-15,2.0170401432008592e-15,-3.351457103498828e-14,-5.404743385267455e-15,-1.7493164725743618e-15,0.9999999999999638,4.1807640194898376e-14,-1.9141359167076328e-14,-5.8802939688648055e-15,7.18190552842334e-14,0.9999999999999483,-2.1479642480224972e-15,5.0355621223736186e-14,-1.6998851297264528e-13,-2.979506527907584e-15,-1.8274992575845216e-14,-1.2875358022360012e-15,3.3604715444137125e-36,1.1276453259468713e-17,1.1036220073512731e-15,-1.6038151684010252e-17,2.4156173423505382e-17,0.4999999999999866,-5.763242593879322e-16,8.008686882787568e-16,0.5000000000000006,5.449225952158188e-16,0.5000000000000001,1.216096282896141e-34
5.2,3,-1.8144387394242554e-18,1.4956531857217414e-17,-1.4940258366378596e-16,2.9209635604805976e-16,0.5000000000000003,5.104929490612316e-16,2.846205305501261e-16,0.4999999999999989,-1.9256790190562018e-16,0.4999999999999993,6.97895349765973e-36,3.118566583385439e-19,8.122362912068508e-17,6.385277513233892e-16,-3.899670572883731e-16,6.781685708826216e-16,5.86355915532947e-17,-1.459217256683742e-17,-8.09883337310855e-16,-6.734975043271035e-15,-1.306129700130904e-15,0.9999999999999913,-1.2819297725843181e-15,3.4798455597238654e-16,-1.0930699710372365e-14,-1.9822132320062442e-15,-9.74764350790047e-16,0.9999999999999936,1.0027075463822794e-14,-3.0835831517197804e-15,-2.0480485233185344e-15,1.814025496727471e-14,0.999999999999989,1.0989636790080265e-15,1.584320895473141e-14,-5.376619146331425e-14,-1.3364539656132e-16,-5.2854556100873605e-15,-5.269422245545439e-16,1.1238991225331721e-36,1.1871815970842296e-17,2.2405271994115923e-16,5.740339676924288e-17,2.416512740470142e-17,0.49999999999999883,-1.6728852658872645e-15,2.0749116331431087e-15,0.5000000000000002,2.5902442183339576e-17,0.4999999999999997,1.383059195237259e-34
5.2,2,1.8144387394242554e-18,-5.0044413065545855e-17,3.4231774453178144e-16,9.754448930466559e-17,0.5000000000000006,-4.856083155173838e-15,-1.8610895963706973e-18,0.5000000000000017,7.901628542251586e-16,0.4999999999999969,3.0053807134698603e-36,2.0111210637173144e-19,-2.4784660667587243e-17,-1.0077287311324942e-16,3.3877016085298873e-18,2.7175052908321334e-17,-2.801759646106625e-17,1.586578025925431e-17,3.1892351185319127e-16,1.6947585606821614e-15,-2.0189673671397416e-15,1.0000000000000007,4.849497692307159e-16,-7.929223581548014e-17,7.462841586396411e-16,4.548892108593019e-16,-4.843537700951619e-16,1.0000000000000009,-1.434382200644822e-15,3.335514014415797e-16,1.8516234556316875e-15,-2.7301004944256862e-15,1.000000000000003,-2.1588899683535545e-15,-4.606488551143232e-15,1.5990378208154428e-14,2.9439617856631286e-16,2.4373081593390577e-15,3.3571529062504735e-16,1.0286279427536053e-37,1.2885350110442564e-17,2.893557635358795e-16,5.824083359925058e-17,1.5274980897150396e-17,0.4999999999999686,4.256117139787062e-15,3.244507131842856e-15,0.49999999999999994,7.511196723962622e-16,0.5000000000000002,1.6205535995908668e-34
5.2,1,4.082487163704574e-18,-3.3724344141853545e-16,-2.4577869562258116e-15,4.107131132878999e-15,0.5000000000000029,5.737846966183601e-15,-8.176055166792656e-16,0.49999999999999484,5.0970581078066215e-15,0.49999999999999534,7.324937319265001e-35,1.8870871655144845e-19,-2.410731945655536e-17,1.7345343920740858e-16,-2.798515699740478e-16,-3.4504905462007806e-16,2.0821254136840475e-17,4.416527599072627e-18,2.8842796285725963e-16,-1.4510907921174689e-15,1.9960815755869784e-15,1.0000000000000044,1.1807685430860312e-16,6.689505561480388e-17,-1.3198767143543872e-16,-1.2308698874887353e-15,-4.852878044274097e-16,1.0000000000000024,9.844969487378214e-16,-1.7445747559976225e-15,6.12463930193761e-16,-6.472577732104646e-15,1.000000000000004,2.9563906185154527e-15,-1.0476260619105925e-14,3.136276955593409e-14,4.21772138580987e-16,-8.781517318506636e-16,4.3454226780145357e-16,8.099016259063321e-38,1.4650175290585688e-17,1.3938615603623565e-17,1.7294560687914784e-16,4.6902301229674796e-17,0.499999999999993,-2.8731709715207332e-15,-2.6235908195514004e-15,0.4999999999999998,-8.643632989336685e-16,0.4999999999999998,2.109264555516701e-34
6.4,7,1.995882613366681e-17,-5.192707248817241e-17,3.5155348658673694e-16,-5.647160702513214e-16,0.5000000000000008,-2.5369961719871875e-15,3.817936900181057e-15,0.5000000000000006,-1.4350764897033827e-14,0.5000000000000072,4.67445007176203e-34,1.2757772386576795e-19,-2.2428288158568233e-17,-3.98503528429314e-16,-4.749054158597686e-16,3.9708910026213874e-17,-5.34746138572003e-18,-9.694176571270842e-18,2.0579828501509258e-16,3.800640477694928e-15,4.530328042627394e-15,0.9999999999999999,-4.7480751302498e-17,-5.781287601830892e-18,9.890777226514113e-16,2.0496665831474173e-17,-2.905553602044943e-15,1.000000000000006,2.6479990734809637e-15,1.2284660091983226e-15,-2.285024862748e-17,1.9737624375557554e-15,1.0000000000000027,6.929793244768673e-15,5.448200542339925e-16,-2.563496833925275e-16,-1.721035659099868e-16,-7.871674904013889e-16,2.160724826512513e-16,8.453608968391459e-38,6.3966053216030875e-18,3.2849489524217625e-17,7.037984437519527e-17,7.838656299152786e-18,0.5000000000000177,5.492943449624882e-16,-1.0339034488364154e-15,0.49999999999999994,-2.3150214467095204e-16,0.4999999999999989,3.915195807005769e-35
6.4,6,2.0866045503378936e-17,-3.4067207261918724e-17,3.318315167209836e-16,1.4921850467500702e-16,0.5000000000000003,-2.924609947032484e-15,-2.647748958411608e-16,0.49999999999999667,1.61082341623098e-15,0.4999999999999987,4.461434420256611e-34,-2.215599804468837e-17,3.962496111179639e-15,9.2534296010087e-14,7.22240175373126e-14,-2.9858930243362954e-14,-8.050863972622016e-16,-3.359748351396873e-16,-3.5241476142397897e-14,-9.285955709495635e-13,-7.731703118172128e-13,1.0000000000001508,1.0092878651206187e-15,1.4995972406924683e-14,-1.7265411704975308e-13,-4.380599148220824e-13,-1.0291803843622364e-13,0.9999999999979023,-1.0157959990669167e-12,-2.5948319104108997e-13,-1.1267467047788062e-13,-5.376115691940767e-13,0.999999999998992,-8.247459096859275e-14,-2.4812929069412095e-13,-1.8273378556139955e-13,7.554450680006215e-14,-4.794843227064509e-14,-2.848597218144702e-14,4.499342418413752e-33,6.611006774210837e-18,2.552758847089781e-16,1.8179604263342063e-16,5.4404402392120525e-17,0.49999999999997286,2.4752086344355157e-15,-3.288601288727314e-16,0.5000000000000007,-1.9696981946355213e-16,0.49999999999999994,4.554812941214658e-35
6.4,5,1.7237168024530428e-17,7.176004362325651e-17,-3.3488148842880913e-16,8.66843782139504e-17,0.4999999999999998,-9.640081935821576e-16,4.843165902032888e-16,0.4999999999999974,4.3127877090090014e-15,0.4999999999999933,4.92267830959875e-34,-5.4858421262280224e-18,9.11715290692001e-16,2.0810772020873703e-14,1.2794968463842871e-14,-1.366057779858549e-14,-1.7992771994223947e-16,-3.6323870862682223e-16,-7.828380409030603e-15,-2.108457221103849e-13,-1.444320916979836e-13,1.0000000000001021,4.127418728151955e-15,8.363288808117877e-15,-1.1099649776016308e-13,-1.3999759185131407e-13,-2.9355196103940434e-14,0.9999999999994246,-2.4522649406246304e-13,-4.5527284745115153e-14,-1.795909144812607e-14,-2.2153478505753566e-13,0.9999999999997286,-1.0375112741799122e-14,-7.416473767365996e-14,-1.1502381269487568e-13,1.2882916860098989e-14,-1.0560374209125037e-14,-9.05136745456892e-15,2.7811948099755384e-34,6.766935103380109e-18,-1.2697435081149744e-16,4.9366601463784815e-17,-5.9819322263577545e-18,0.5000000000000152,-2.4330374928564687e-15,-2.132962147706505e-15,0.4999999999999999,-5.750044086918805e-17,0.49999999999999956,4.512249200365747e-35
6.4,4,2.6309361721651702e-17,1.9949870613075845e-17,5.032065729907949e-16,-1.4028662251120463e-16,0.4999999999999995,-3.3538744017196645e-15,1.4960851645956572e-15,0.49999999999999395,5.303085925079571e-15,0.4999999999999886,5.450995705659604e-34,1.223683001412491e-17,-1.364613572682556e-15,-3.457869896568152e-14,-1.7825766558347702e-14,3.2316188883333505e-14,3.0632704335985314e-16,1.0343945466189428e-15,1.0924914120767539e-14,3.6274405969111825e-13,2.0723889615839722e-13,0.9999999999997461,-1.6278671517189523e-14,-2.5322460182820993e-14,4.473213234670527e-13,3.188248635760837e-13,7.025931603873633e-14,1.0000000000015303,4.352559413527869e-13,-5.895972759570066e-16,1.8655116089958736e-14,6.88269079091595e-13,1.000000000000651,5.214781552920805e-15,1.532498634748103e-13,3.6331054046613947e-13,-2.6241515349355798e-14,1.9967791326003878e-14,1.941182353217238e-14,1.297104854434791e-33,7.0646164590669e-18,4.713649912057679e-16,-6.305929621035528e-17,-1.5872427899424195e-19,0.49999999999994144,-3.790565150437708e-15,1.001048290270558e-15,0.49999999999999994,-1.8605973238609966e-16,0.5000000000000003,4.944619426080702e-35
6.4,3,2.8123800461075956e-17,-3.7875984045948603e-16,-1.2160429122545354e-16,4.132472338318398e-16,0.5000000000000037,-3.4364095475458106e-16,-2.857188412493724e-15,0.49999999999999534,5.4396602503889625e-15,0.49999999999999134,7.6383314809650835e-34,3.364508084393336e-17,-4.572048964177064e-15,-9.03924462119566e-14,-3.5559643603150026e-14,1.3884075419427503e-13,7.373175966367118e-16,5.589149891272955e-15,3.672192833597868e-14,9.421735674739227e-13,4.69054557986131e-13,0.9999999999989737,-7.943869766440184e-14,-1.1355271773448314e-13,1.8830492382043028e-12,1.567703002348167e-12,2.175134292171771e-13,1.0000000000052258,1.7282165301560087e-12,-5.0706891617373144e-14,3.040046402855802e-14,2.79437142645668e-12,1.000000000002576,1.671110482621685e-14,8.802856596079769e-13,1.9484439001398686e-12,-3.355262958630831e-14,9.002535942154797e-14,5.848213343129768e-14,1.5240356465117132e-32,6.883881350257063e-18,-2.2116977497380126e-16,-1.3595969435003118e-17,-3.0896977848452196e-17,0.49999999999994926,2.8430156103611368e-15,1.0488683409381289e-15,0.49999999999999983,7.348657648640147e-17,0.500000000000001,4.886451280507473e-35
6.4,2,2.8123800461075956e-17,1.991033919370915e-18,4.230110807729746e-16,-2.2070733128470476e-16,0.49999999999999994,-2.5291153173515238e-15,2.9730943363303784e-15,0.4999999999999972,-4.883189145152892e-15,0.5000000000000095,7.578966002160479e-34,1.4402107494180028e-17,-2.2281945290930553e-15,-1.8547411204073343e-14,-4.628525377648472e-15,7.806644603827294e-14,2.3146676425165576e-16,3.311688483091281e-15,1.755287317323417e-14,2.0534123536496906e-13,1.2636965437336478e-13,0.9999999999993975,-5.93355020158876e-14,-6.439640980166713e-14,1.2526497174272327e-12,9.96131935825701e-13,-9.718531837818334e-14,1.0000000000026752,7.252186543199419e-13,-2.1753924765703764e-13,-5.362925459100482e-14,2.014961551133761e-12,1.0000000000013873,-2.7687598371674416e-14,4.744942596756013e-13,1.376592927283757e-12,-1.1943749352389714e-15,5.435319825960776e-14,2.4660103460159472e-14,3.246381934182853e-33,7.236492003719394e-18,1.9749502037052867e-16,4.094100881972018e-18,-4.929028436938915e-18,0.5000000000000138,4.791406775826901e-15,1.5525590871279214e-15,0.5000000000000003,-7.770056949921301e-17,0.5000000000000004,5.28486491921226e-35
6.4,1,3.628877478848511e-17,1.6045028373769004e-17,-3.467603446046316e-16,4.1120138513594835e-16,0.5000000000000001,2.042271825089151e-15,-3.2483569365999542e-15,0.49999999999999234,2.953260886641718e-16,0.4999999999999682,1.4805784707492743e-33,1.0808668271960896e-19,8.050921237987745e-18,-5.719355142335039e-16,-3.3885607457706777e-16,-1.2755397535933916e-15,3.826433546649972e-18,-4.143418985570494e-17,-1.0524904260268559e-16,6.012090231227768e-15,3.7111639468313235e-15,1.000000000000014,-7.466635516383259e-16,1.824115092478551e-16,1.868269251486108e-14,9.620888228770584e-15,2.0437295777475906e-15,1.0000000000000238,-1.4094210124299753e-14,-7.945841114693662e-15,6.927963618280279e-15,3.057250613981947e-14,1.000000000000009,-8.27893505826021e-15,8.246647137210813e-16,7.465360903859411e-15,-5.701224257658549e-16,2.7280682751293453e-16,-8.570101986900984e-17,2.089221271558092e-37,7.151440187808882e-18,-1.494326498574308e-16,3.278492364000058e-17,3.9963787527366037e-20,0.5000000000000181,1.1938387916343174e-15,6.389020839814172e-15,0.5000000000000002,-8.885992352953384e-17,0.5000000000000004,5.228371242660734e-35
6.6,7,2.1773264873091063e-17,-3.7658889555545025e-16,-6.312270388596294e-18,3.1433234607239526e-16,0.5000000000000039,-1.6233988635230354e-15,-2.4157408525273373e-16,0.4999999999999955,6.3667267816559995e-15,0.49999999999999994,5.861677932577312e-34,1.299875253165658e-17,1.5579589944784032e-15,2.60210708259837e-14,2.893455592205126e-14,-5.143583521408733e-14,-1.1141636621593617e-14,1.7080504341654859e-15,-1.568323214501081e-14,-2.5327546798459027e-13,-2.9256039559395325e-13,1.000000000000476,8.408810071258827e-14,-6.747798003391731e-15,-6.377528849850985e-14,3.225610355583843e-14,-1.680030345944378e-14,1.0000000000001907,9.097729016191748e-15,-2.8207911561697436e-13,-7.308493681863063e-15,3.895676761694225e-13,1.0000000000002656,-5.818373259292876e-13,-1.6721944938790448e-13,2.241488222244306e-12,-1.2508602187671485e-13,3.781208217988462e-13,-7.763338404119182e-14,2.6682410998148376e-34,6.07128212574538e-17,2.2194539462676984e-16,2.501497692825834e-17,1.750941383068833e-17,0.49999999999997446,-4.889441259251592e-16,-7.927637142070268e-16,0.5000000000000007,-1.163250483376308e-16,0.4999999999999998,3.687316079940435e-33
6.6,6,3.084545857021234e-17,-1.0916275437068521e-16,3.132648252601764e-16,-1.0939196590984979e-19,0.500000000000001,-4.162536078968004e-15,3.875351824386466e-16,0.49999999999999584,2.6114752042318097e-15,0.49999999999999306,9.391092018251696e-34,1.0844106528590277e-18,1.2497646828704673e-16,5.178641671450268e-15,5.078538755291828e-15,-7.709519640123388e-15,-2.690985605524221e-16,-1.2793382654899259e-17,-1.3124165850642176e-15,-5.158547706651382e-14,-4.76703020549315e-14,1.0000000000000646,-7.597768708282828e-16,-1.2186327960141652e-15,-3.943370510127513e-14,2.9193068506573703e-15,-4.056277408008956e-15,0.9999999999999515,-4.145013528711947e-14,-2.5446217697656923e-14,1.849457736056176e-14,1.0228363538076795e-13,1.0000000000000395,-1.268884792903433e-13,-2.9122971857433745e-14,3.9977560567734704e-13,-8.924735789819044e-17,7.467163403021206e-15,2.996263446842414e-15,4.228661604453857e-36,6.397314086735675e-17,2.0521798925452127e-17,7.08870570101993e-18,7.533752979435426e-18,0.499999999999971,-6.46344123303297e-15,-1.8981845686348495e-16,0.5000000000000006,-5.908134119729147e-17,0.49999999999999956,4.087977046359443e-33
6.6,5,3.4474336049060855e-17,-7.893704418156445e-17,-1.7879933490472132e-16,-3.4317520828765593e-17,0.5000000000000006,-2.6286928340243696e-16,9.381017053431102e-16,0.49999999999999284,-5.695288486149448e-16,0.49999999999999645,1.1025274311725103e-33,-4.819602901595678e-19,1.900764113931571e-17,2.406003624427047e-15,3.3854798395726515e-15,-1.6334659019430451e-15,-1.330206493414392e-17,1.065934596551287e-17,-3.3525765411744656e-16,-2.752316465768455e-14,-2.6632724982626526e-14,1.0000000000000133,-1.357202458584659e-15,1.3815465390092515e-17,-1.9333657464064696e-14,-2.6158681669678514e-15,-5.577659956081786e-15,0.9999999999999839,-4.2924919640861694e-15,-1.653965128617493e-14,3.3195118667214415e-15,3.917319661378367e-14,1.0000000000000007,-3.596742074028538e-14,-1.0459350828961665e-14,5.5678797855455354e-14,1.5662329538914937e-15,-5.602711796268561e-16,1.1509776285915922e-16,1.541488724930592e-36,6.741065176040661e-17,-3.3307422894154325e-16,6.094974688416382e-17,-9.729074147158778e-18,0.4999999999999987,2.6986558700568744e-15,-1.9678651544082627e-15,0.5000000000000012,2.3683558895490487e-16,0.5000000000000002,4.550925217348039e-33
6.6,4,-7.257754957697022e-18,1.0354281999274938e-16,3.4615994845985513e-16,-4.807823893826159e-16,0.49999999999999967,-4.742154042645059e-15,5.520655881125818e-15,0.49999999999999634,5.671999494973236e-16,0.49999999999998945,9.394845562606119e-36,-1.2757772386576795e-19,2.3194247279088317e-17,7.596781873318332e-16,4.200282511426116e-16,1.7302972982364973e-15,-2.5909354883988857e-16,9.866957462261635e-17,-2.3108400719896177e-16,-8.354266910132308e-15,-3.479670998723889e-15,0.9999999999999845,1.5071983127140123e-15,-3.7396987772478065e-16,-4.9709837328034455e-15,-1.4190533548052565e-15,2.4589391529492135e-15,0.9999999999999997,3.286115170592608e-15,-4.7698971338789444e-15,-6.9623677107466355e-15,8.907845076890496e-15,0.999999999999995,-1.4163054850613374e-15,-1.8745783634155158e-15,-5.970444184390088e-14,-3.633422831025639e-15,7.571924957021266e-15,-3.308154050620097e-15,1.4876908268653432e-37,7.189004739836024e-17,-7.3310435634319e-17,3.913335506200151e-17,-5.779532921541969e-19,0.5000000000000279,2.251699032147642e-15,-5.4408930179344535e-16,0.5000000000000002,-5.067128045844471e-18,0.49999999999999983,5.165989419871555e-33
6.6,3,3.628877478848511e-18,1.669941098766645e-17,1.1051184463678726e-15,3.1419829547661287e-16,0.4999999999999997,-1.1359841361950277e-14,-2.4924623334863927e-15,0.5000000000000154,2.4644658456942158e-14,0.4999999999999817,6.928115878726732e-36,1.6434491511874969e-18,2.0831232486350775e-17,6.620690820295064e-16,1.923120058598696e-15,8.39510760254326e-15,-2.43369118541897e-16,1.4540314835546138e-16,-3.08582699321274e-16,-8.329039559201343e-15,-1.9861407469633165e-14,0.9999999999999247,1.0200943567427505e-15,-2.037102940078828e-15,-1.6035933441444364e-15,-3.694284399671792e-15,2.7457391025372347e-15,1.0000000000000198,2.890964001187703e-14,-1.2019068908811654e-14,-2.4214921919467827e-15,2.177396712200646e-14,1.0000000000000258,-2.6219294130241954e-15,9.054135053579016e-15,-3.642978803057123e-13,-6.2254918248340866e-15,6.53308297696906e-15,-9.376192323123647e-15,1.198993247414102e-36,7.679470211586644e-17,-6.5312212786049565e-18,1.653935438346922e-18,-1.066491914744729e-17,0.5000000000000122,-1.9203574733354352e-15,-6.351311879915009e-16,0.5000000000000003,-1.0309113094789977e-16,0.49999999999999994,5.888623941939764e-33
6.6,2,-1.8144387394242554e-18,2.1007794611275265e-17,6.040291387901395e-16,-6.699708671890717e-16,0.5000000000000001,-5.666793471114582e-15,6.666409472167233e-15,0.5000000000000108,1.0809075141615056e-15,0.4999999999999853,2.3675996759467933e-36,-2.107929521264623e-16,5.71578817842175e-17,-5.323591140582403e-14,-1.047144109226245e-13,-8.020261567240898e-13,2.020072238450103e-14,-1.2542463987126655e-14,1.2636750394091741e-14,5.892773514410319e-13,1.196979797523261e-12,1.000000000007245,-9.534943415023699e-14,1.752535010423886e-13,6.872442989739547e-14,1.249464653193573e-13,7.9107844300789e-14,0.9999999999983047,-1.4987992081861141e-12,7.589677665308581e-13,4.261982707483675e-13,-2.0854933404819014e-12,0.9999999999982502,-3.9140360768450606e-13,-1.6178803615621337e-12,3.4102779062859864e-11,3.9998771670610894e-13,-6.37268917565809e-13,8.941401379008223e-13,7.878022438960064e-33,3.331196123161719e-19,-1.838310014722531e-16,2.933914000733416e-16,-2.411208080774348e-17,0.5000000000000201,-7.383270898275265e-15,5.7348079857755806e-15,0.5000000000000002,-4.476366655388778e-16,0.5,2.185006316403321e-36
6.6,1,0.0,6.36110455861896e-17,-1.767154003882897e-15,8.562788205044556e-16,0.4999999999999997,1.767303711890156e-14,-7.77813831554463e-15,0.499999999999947,-2.6979289857328265e-16,0.49999999999999317,1.0128139702366937e-35,-2.2707771700407816e-16,2.0596287858548694e-15,-4.506370928345029e-14,-8.821909633546973e-14,-9.62282526081295e-13,2.862241904580566e-14,-1.6190075277462585e-14,-5.656988220195065e-15,4.503439879776906e-13,1.060094113431879e-12,1.0000000000087415,-1.8195562480634163e-13,1.8427648698465837e-13,9.019235716584404e-14,8.960933768545393e-14,6.363803491501733e-14,0.9999999999984005,-5.6791470331823684e-14,4.869767326760997e-13,3.281885927631282e-13,-1.7834618973989554e-12,0.9999999999989209,-4.3439400536878524e-13,-3.0294864130683815e-12,3.957798483036906e-11,5.066079761059694e-13,-8.774384211146854e-13,1.025787906847311e-12,8.788756933263794e-33,9.922711856226396e-20,-1.3959807701748952e-17,4.2304924884790925e-17,-6.727331322463271e-18,0.499999999999974,1.7505180076298018e-16,-2.7222467774174826e-16,0.5,-5.684013303895097e-17,0.5,4.883485646240934e-38
7.2,7,1.1521685995344022e-16,4.533675918475271e-16,2.4985164382837644e-16,5.721597522771592e-16,0.49999999999999634,-1.2001713965876728e-15,-4.934590035315434e-15,0.5000000000000014,-9.819023854403007e-16,0.4999999999999975,1.4020369617074603e-32,9.001317183862517e-19,-1.3306159803811628e-16,-4.2824138844801385e-15,5.431816509448421e-15,-2.6448279183832414e-15,4.087991904133676e-17,-1.9985526430417025e-16,1.087408358725301e-15,3.2520325567093767e-14,-4.793807102506856e-14,1.0000000000000304,-1.2610062220904854e-15,7.895320223200918e-17,-3.6634363552944795e-14,1.7995082834323563e-14,1.6101969421180998e-14,1.000000000000002,3.146470166014788e-15,6.536860363922111e-15,-1.1970909553526933e-15,1.0954001979697039e-14,1.0000000000000853,-1.5236120023922543e-14,1.669383038398276e-14,-3.7168168951402264e-14,-4.4852141520360644e-15,2.3276651199619908e-14,-3.1096534688000117e-15,1.3674314441894138e-35,5.762260527937186e-18,-4.631145013602324e-16,1.500971288190334e-16,7.621822373303043e-17,0.4999999999999897,1.9214579207663443e-15,4.210395691546028e-15,0.4999999999999996,-2.9422657535349343e-16,0.5000000000000009,3.995041785517051e-35
7.2,6,1.115879824745917e-16,-2.350538212034946e-16,-1.1204905197318805e-16,2.425899334562209e-17,0.5000000000000021,4.478973376469888e-16,-4.707665580871772e-16,0.4999999999999989,6.849478660705575e-16,0.4999999999999976,1.2686232424097926e-32,3.777009391559319e-17,1.4985202164991413e-15,-2.787774826015138e-14,8.518498012740917e-14,5.465137889096289e-14,4.9131530896099e-16,-1.7922928315090827e-15,-1.7769787028707273e-14,6.757298645662805e-14,-7.307489420293423e-13,0.999999999999379,-2.2642066772147674e-14,-9.123877658663913e-14,-1.1271300413767729e-12,1.459130365636441e-13,1.4010385264598473e-13,0.9999999999989704,-1.6827016025173533e-12,5.71910337705126e-14,-1.1847171253280341e-13,-3.3631727867891295e-13,1.0000000000021743,-1.4587450890446357e-13,9.208483391233348e-14,-5.333441540722104e-13,6.437723226914103e-14,3.227328372961973e-13,-5.727975961659212e-14,1.651999787219178e-32,6.442675055221282e-18,-2.377548679184557e-16,1.0109526382488126e-16,-2.09023651554188e-18,0.4999999999999678,1.672126375466778e-15,-1.1039741278628633e-15,0.49999999999999956,-1.5687995736248523e-16,0.49999999999999933,4.0251456824404076e-35
7.2,5,1.143096405837281e-16,2.7644793508606795e-17,-3.9361246663848146e-16,6.236193012487588e-17,0.5000000000000002,2.7184001071006145e-15,-1.3374618396636452e-15,0.4999999999999979,2.3906016189257785e-15,0.49999999999999817,1.4281472699590244e-32,-1.1517433404548496e-20,-1.889572049915586e-18,-1.740391696225715e-16,-2.226142205297814e-16,1.4048642938664821e-16,-2.4845389912316875e-17,-5.460593931548917e-18,3.713324325519888e-17,1.6495568018818209e-15,7.857063524937085e-16,1.0000000000000004,2.3255947700051755e-17,2.0540598456576984e-16,-9.434923696358895e-16,8.747723539887868e-16,2.956325710823889e-15,1.0000000000000004,2.7140354955458235e-16,1.7652448073821284e-15,-6.156049174602172e-15,9.875676965354377e-16,0.9999999999999993,5.38205881453207e-16,-2.378235080066507e-15,-6.425494580086169e-16,-3.5561088260537295e-16,2.783670124913037e-15,-1.681403903889383e-16,1.5016664346375502e-37,6.704918154278694e-18,1.0965225447231734e-16,1.5423791567142875e-16,1.530365838296314e-17,0.49999999999995937,1.8507453300869183e-15,2.82060971444357e-15,0.5000000000000001,-2.1811254761652148e-16,0.5000000000000002,4.6636844865303263e-35
7.2,4,1.1975295680200087e-16,9.696970876661268e-18,-2.520599954314871e-16,-4.0022146285186037e-16,0.5000000000000004,2.5512224835530283e-15,2.6917798653534406e-15,0.499999999999997,5.008315644345644e-15,0.4999999999999974,1.5721741426167904e-32,-2.622430990574119e-19,-2.956579999225471e-18,-3.812461072457898e-17,8.386828456456044e-17,-2.6807075844772526e-17,-1.0337481337522663e-18,1.277146849538805e-18,1.6171619532281282e-17,-2.7369795562352107e-17,1.6204974871320542e-16,0.9999999999999996,2.7727755300640527e-17,-3.4215015323917414e-17,5.834354157068941e-16,-1.779753272879879e-15,3.086405642590627e-15,1.0000000000000002,-4.66957453058268e-16,-3.286114426159064e-16,1.0764257908165014e-15,-6.915400083309463e-16,0.9999999999999989,-1.6846106642386379e-15,-1.0011624429319181e-15,3.9675800721111487e-16,3.0947141652174475e-16,-9.415302651401414e-16,2.9281102724707556e-17,7.87847677370952e-38,6.952985950684353e-18,-1.754385854450537e-16,9.760163977198118e-17,2.7323442342449694e-17,0.5000000000000353,1.4284209385600262e-15,1.2839566105328594e-15,0.5000000000000001,1.3291665117800893e-16,0.4999999999999997,4.992025449090593e-35
7.2,3,1.3154680860825853e-16,2.8824057484556324e-17,-2.7792264366327145e-16,-5.473885369949801e-16,0.5000000000000002,1.8364930456871162e-15,4.611532828185725e-15,0.49999999999999734,2.786921920785707e-15,0.4999999999999988,1.880905550246451e-32,-2.1617336543921792e-19,1.2736853139787602e-17,1.81799460334455e-16,-1.602045696079161e-17,-1.221696619585898e-16,1.1308483122921611e-17,-1.0546302430317232e-17,-1.3163395023756951e-16,-1.4979077178601059e-15,1.6203885366490869e-15,1.000000000000001,-1.079187565901322e-16,8.362426476086219e-17,8.993391123272135e-16,-2.8966775295430314e-15,1.0487377026047914e-14,0.9999999999999992,3.325657810194857e-16,-1.3666254794526296e-15,2.4488638525482868e-15,9.023339448771376e-16,0.9999999999999996,-1.75875680032047e-14,1.6596275895500477e-16,-4.457149280240037e-15,-4.491256877580996e-17,9.768322009678837e-18,-1.620679106187402e-17,1.4575478012101792e-37,7.123089582505378e-18,-1.0746768041215387e-17,-1.9406683610873916e-18,-2.9870794988392464e-17,0.5000000000000386,-2.0258525331034002e-17,1.4224373975472547e-15,0.4999999999999995,-1.3018408504533934e-16,0.5,5.002664467829693e-35
7.2,2,1.3517568608710702e-16,-1.430171043357129e-16,2.601475816073915e-16,-1.2347607642706e-15,0.5000000000000013,-4.0497731886814385e-15,1.0514412710105095e-14,0.5000000000000027,-6.129949263255126e-16,0.5000000000000122,1.8701392276281504e-32,-1.4529685218045794e-19,2.19175594889557e-18,-9.675085825354805e-17,-1.0522713042370206e-16,-9.772881033149758e-18,-1.9853133850107297e-17,-7.461575390362533e-20,-6.090156599778969e-18,9.383426121599243e-16,1.0851117773227122e-16,0.9999999999999987,1.6744563102147695e-17,4.149456977536673e-17,2.1405967316282936e-16,-4.125668407069481e-15,9.221946867811939e-15,0.9999999999999981,6.096649560114727e-16,1.9798103973106797e-15,6.970922815960332e-15,4.698277478866838e-16,0.999999999999999,-1.6390296747526487e-14,2.2261762878897057e-17,-2.552244623845313e-15,7.872396882018806e-17,-5.0151236917659494e-17,-2.5386523384765054e-17,6.595737950365419e-38,7.215229049741766e-18,-1.3725568518982712e-16,2.0658427459449755e-16,5.336898637008645e-17,0.5000000000000726,-8.264595824861598e-16,-8.438326442346788e-16,0.5,7.16509582888503e-17,0.5000000000000001,5.857476926779861e-35
7.2,1,1.605778284390466e-16,-3.127285490947984e-17,1.0872215841779225e-16,6.92706258180457e-16,0.5000000000000002,-1.7534695149306615e-15,-5.71905646005713e-15,0.4999999999999977,1.9353154331444978e-16,0.4999999999999855,2.5591450001611395e-32,-2.0908571411334193e-19,5.690199780229522e-18,2.17231065386354e-16,2.283631483391503e-16,4.352313575080284e-16,-5.3988682305860536e-17,1.6955284448302275e-17,-5.249119388485835e-17,-1.7928799197502045e-15,-1.858750326657685e-15,0.9999999999999953,2.313500947483414e-16,-1.8915490450536945e-16,9.703426626859176e-16,3.232020870025738e-16,9.427110751963999e-15,1.0000000000000016,-4.962773826013017e-16,1.5209154524171245e-15,-8.11994171478365e-15,2.586852298541729e-16,1.0000000000000013,-3.1696085637710553e-14,8.184070408097503e-16,-1.7027257648289522e-17,6.746608702506622e-17,-4.930485146404087e-16,-8.702308873237805e-17,2.154210092306149e-37,7.186878444438262e-18,4.445898836844486e-17,1.1697325600478612e-16,-2.036617679322248e-17,0.5000000000000263,4.781325734353035e-15,-2.0865649927199963e-16,0.4999999999999999,-4.159967787151064e-18,0.5000000000000003,5.28840897747488e-35
7.8,7,2.41320352343426e-16,1.4833284342513763e-16,-8.548239473118415e-16,-1.3537824225459666e-15,0.49999999999999917,6.94914369537845e-15,1.0862702762356171e-14,0.5000000000000012,2.3734138893692233e-14,0.5000000000000008,6.042265345339107e-32,4.363335347492411e-20,-9.24706513932779e-19,2.0755018558907518e-16,-1.2878655846197522e-16,2.1327278521984661e-16,-8.59072659698308e-18,9.126367427723876e-18,1.3609537061881723e-17,-1.7811886045302967e-15,7.662077223829155e-16,0.9999999999999991,1.6118829429981924e-16,7.487301684927724e-18,-1.74760807507134e-15,-5.581646782591237e-16,1.2695404128686083e-15,1.0000000000000007,4.2305546875593864e-16,4.089043439983552e-15,4.827491733296574e-15,-9.081465705612195e-16,1.0,-4.7061268155012634e-14,1.5324099091572392e-15,-1.1168100688122373e-14,-3.005610689967841e-16,1.6094683865963935e-16,-2.7142754888526095e-16,3.4399400619350573e-38,-7.732627596530713e-18,-4.0091137662078453e-16,1.6677664393436713e-16,1.6826744192627676e-16,0.5000000000000315,-9.48168967916537e-16,7.976411314427332e-15,0.5000000000000004,-6.611279650744259e-17,0.5000000000000013,6.348357423999722e-35
7.8,6,2.4767088793141085e-16,-1.254086673938649e-16,2.841119079371905e-16,-1.9947760983808815e-16,0.5000000000000011,-1.7222498109568196e-15,1.5250679172743906e-15,0.4999999999999991,4.659573604668112e-16,0.49999999999999695,6.201476818652518e-32,-3.242600481588269e-19,6.563411198413058e-17,1.4082020424771279e-15,-1.0126289415785937e-15,4.61343240096229e-16,-1.7329780746979718e-17,3.0525045116232324e-17,-5.264577007692288e-16,-1.1696967320595658e-14,8.11699001156076e-15,0.9999999999999929,1.4445699109501056e-16,-4.480066396104939e-16,5.511725516379376e-15,1.6254991805167698e-15,9.185640830694591e-17,1.0000000000000002,2.1925320127247052e-15,-1.3529339284872864e-15,-3.833416698733013e-15,-1.1762926393699705e-15,1.0000000000000084,3.322822842354399e-15,-2.764086417046198e-14,-3.4747876854797706e-14,7.634521119014937e-16,-4.626535792871814e-16,-1.0861529388940712e-15,3.2288906923707153e-37,-7.470384497473302e-18,5.445756562255867e-16,-2.3468115449835215e-16,8.818736218383626e-17,0.49999999999996153,-3.567054437716727e-15,-6.8409606981427766e-15,0.5000000000000003,-7.546883053315995e-17,0.5000000000000007,6.344410404735781e-35
7.8,5,2.640008365862292e-16,-7.402082943831185e-17,2.565617900254229e-15,1.1488855837798606e-15,0.5000000000000007,-1.9429769428647247e-14,-9.081019929626306e-15,0.4999999999999986,-3.277803282606982e-14,0.49999999999999745,7.007824389088957e-32,-3.685578689455519e-19,6.583553508076722e-17,2.39763289006348e-15,1.0086150214791459e-15,1.2861978561822034e-15,2.5213554764948972e-17,5.699776770224187e-17,-4.822927598845071e-16,-1.7231911868434718e-14,-8.933124512557164e-15,0.9999999999999918,-1.8586530415434023e-16,4.212985349887596e-17,1.1099929140724403e-14,4.080844684826691e-15,-1.3803396820155687e-14,1.0000000000000022,4.357993296043586e-14,-4.070556013706905e-15,-4.825179421222328e-15,-3.312018837737081e-15,0.9999999999999948,3.190116318844392e-14,-4.216669237793605e-14,-3.5524677128968345e-14,-3.871149301390643e-16,-2.601728998834617e-15,-9.989581485175954e-16,1.997151628587956e-36,-7.52708570808031e-18,-1.175702727433246e-15,-1.9275540130229316e-16,1.8322514514548386e-16,0.49999999999989003,3.541271466122878e-15,-6.8571925320745985e-15,0.4999999999999997,-9.588619382380543e-17,0.5000000000000001,7.598625949305979e-35
7.8,4,-8.164974327409149e-18,4.32659866073593e-18,-5.91359489230566e-16,-9.838822917305061e-16,0.5000000000000003,3.2169367432827287e-15,8.198349297867434e-15,0.49999999999999817,1.006994625785123e-14,0.4999999999999984,1.6765563530804856e-35,-4.963127840944667e-18,4.531691475089693e-16,2.746973082801517e-14,1.5875688296776737e-14,1.9577853556909895e-14,6.217306035517211e-16,6.153441735811029e-16,-2.8842137937709426e-15,-2.0164281661305287e-13,-1.4090726754848913e-13,0.9999999999998488,-2.733405700497414e-15,4.647512650868994e-15,3.450132684810426e-14,5.1431006259660405e-14,-6.185045695414557e-14,0.9999999999999859,5.046331603675812e-13,-1.3308309068771493e-14,-5.223640821329161e-14,-1.2446714856252049e-13,0.999999999999755,-1.1464106863659102e-13,-4.669713235910637e-13,-3.0247856072112443e-13,3.381128366558832e-15,-3.668553078641533e-14,-5.172601794790448e-15,2.6064300685379918e-34,-7.442033892169797e-18,-2.6304640240517567e-15,3.1490109053310273e-16,1.8228752726011016e-16,0.5000000000000508,-2.34490533449035e-15,-3.396090695822264e-15,0.5,2.3644510430405455e-16,0.49999999999999967,7.626691376644842e-35
7.8,3,0.0,-6.748775334200684e-18,-2.1142833230055974e-16,-1.4301049068839645e-15,0.5000000000000001,2.8750650462499814e-15,1.1366771246102758e-14,0.5000000000000019,4.484563316054863e-15,0.5000000000000002,1.2000089338650772e-36,-6.270799510568789e-18,5.997328559735963e-16,3.7724648492918195e-14,1.6328113752629556e-14,2.657236338291867e-14,8.944789094694416e-16,7.644481087809218e-16,-4.060990039695516e-15,-2.812700842035445e-13,-1.4357683130707356e-13,0.9999999999997514,7.094884088594179e-17,4.051408691147416e-15,3.3797342876356247e-15,1.1560318183985372e-13,-5.8048444059532e-14,0.9999999999998841,5.764658447186892e-13,-2.1813128386499973e-15,-7.916723684936613e-14,-2.8192667722530067e-13,0.9999999999996202,-4.1408656488825946e-14,-5.377195457415008e-13,-2.493093105178757e-13,5.307595820195758e-16,-4.783671770442501e-14,-7.929582564258294e-16,3.8080767418425016e-34,-7.123089582505378e-18,-1.5089871008419653e-15,-7.796800976610865e-16,-1.8580487184074314e-16,0.4999999999999913,-5.679271512261585e-15,-1.059573337147594e-14,0.5000000000000006,1.0049488660606328e-16,0.49999999999999956,1.3108309891148192e-34
7.8,2,6.350535587984894e-18,-2.929497224661417e-16,2.6085405074464295e-15,9.465828238926974e-16,0.5000000000000017,-2.0075904854686303e-14,-5.7920958457828115e-15,0.4999999999999903,-1.861097981601153e-14,0.4999999999999834,1.878513650322614e-35,-4.4740798994592236e-18,3.4104236318355333e-16,3.610616919370248e-14,1.1344034033990297e-14,2.614458710091326e-14,6.996367699965047e-16,6.770972552668662e-16,-2.426727160610216e-15,-2.7545265262486185e-13,-9.387612343366266e-14,0.9999999999997206,2.5078244459248698e-15,-1.3125341854529936e-15,-1.805525149849774e-14,1.2409629563085084e-13,-2.6364437838702747e-14,0.9999999999997796,3.730741411152939e-13,-1.2920571847000688e-15,-4.120777237774081e-14,-3.0065288167789914e-13,0.9999999999997446,4.9670751326819307e-14,-3.84339221266757e-13,-1.494918290340852e-14,-2.040656535460125e-15,-3.169714651822368e-14,4.916350816623569e-15,1.909876414288377e-34,-6.9388106480326014e-18,5.045213417481659e-15,-1.7909940218323973e-15,-1.4324337067086839e-16,0.49999999999990596,1.3544556485493798e-15,-1.7344776338217275e-15,0.5000000000000001,6.6153847807838035e-18,0.49999999999999956,4.484626970035565e-34
7.8,1,2.721658109136383e-18,-1.8599242588350323e-18,-5.647789484291301e-15,-3.1745182758177353e-15,0.5000000000000011,3.97092567050605e-14,-6.642079046041326e-15,0.5000000000000193,4.8278596317531803e-14,0.4999999999999883,1.2365959443604141e-34,-2.3120693836871273e-18,5.673248796488188e-17,1.6579059227629092e-14,4.3277600603963094e-15,1.468126303370487e-14,3.092591093478005e-16,3.0457282110589574e-16,-5.376192681070309e-16,-1.3455189563667465e-13,-2.858778574301061e-14,0.9999999999998221,2.1697994946098893e-15,-3.089362627461161e-15,4.0695862167856725e-15,5.659299012774711e-14,1.7165286753823056e-14,0.9999999999998492,-1.9351149521731896e-14,8.599643019968741e-15,-8.329457473274053e-15,-1.9465805603723822e-13,0.9999999999999729,-5.0939177229563564e-14,-1.5431647987267787e-13,5.4770029697858243e-14,1.533420382314045e-15,-9.552539303157685e-15,2.9427404807224215e-15,1.818349169656519e-35,-8.207500235364405e-18,1.705939985584555e-15,-2.1787561497269246e-15,-5.771067011786409e-16,0.5000000000000868,-1.2036404694079797e-15,3.728164627183372e-15,0.5000000000000003,-1.4985395864875331e-16,0.49999999999999983,7.107864356640051e-34
8.4,7,5.071356276690794e-16,1.398914512943581e-16,7.515166804288423e-17,-6.194533965079019e-17,0.5000000000000002,-9.244364138757428e-16,4.1417828464410547e-16,0.4999999999999991,5.900681915496023e-16,0.49999999999999745,2.75360620408774e-31,3.4360933627846834e-17,-2.360592956798103e-16,9.54846198613796e-19,-6.1357360782012635e-15,-1.4999683241797023e-15,2.9379988217304475e-15,-1.3142887215692188e-15,-2.2873289465278e-16,2.032085282651422e-15,4.378710629876401e-14,1.0000000000000109,-2.506852795667786e-14,9.427025663493653e-15,3.085937125694283e-15,-5.4200688632544237e-14,-8.589114877902611e-15,1.0000000000000073,1.0977835097168705e-14,3.1322683160547434e-14,1.8630196765391802e-14,8.412688986070044e-15,1.000000000000006,9.475983106495863e-15,3.162274161093034e-14,5.102367795861719e-14,-1.9122521427733407e-14,-1.0325624871895901e-13,7.253277448311477e-15,4.584968315445724e-36,8.505181591051197e-20,7.971706439123866e-17,1.5019105390529824e-18,1.4623293907669672e-17,0.4999999999999996,-8.090994274849894e-16,-1.7249944705830943e-16,0.4999999999999997,-2.91475636706083e-16,0.4999999999999998,4.731415989895916e-38
8.4,6,5.225583569541855e-16,3.721724441444379e-17,-1.9788563960588674e-16,1.7304174951366499e-16,0.5000000000000003,2.2075537372513237e-15,-1.2446410590413033e-15,0.499999999999999,8.461776499045463e-16,0.499999999999997,2.8161243654392224e-31,-3.898775241337869e-16,1.2939464133536336e-15,9.67978064166699e-16,9.05746940555458e-14,2.5016858424196426e-14,-3.933405389660816e-14,1.3866408327417509e-14,1.2365865317903806e-14,-4.721696577012086e-14,-6.655741456079127e-13,0.9999999999998244,3.445358224829885e-13,-1.057202616350113e-13,-1.4343691777995577e-14,9.354368500910716e-13,9.650181254921408e-14,0.9999999999999308,-3.3543771166101203e-15,-2.4219854217480157e-13,-4.3507356742858137e-13,3.397842403835804e-13,1.0000000000000777,-1.9121379548132502e-14,-2.397164896494425e-13,-8.930621126746093e-13,3.5332056871050003e-13,1.462916538001224e-12,-6.748320820822915e-14,4.554391400175214e-34,0.0,-4.93663383361954e-17,-1.2546838220295232e-17,-4.841699134369944e-18,0.499999999999999,-8.526004916925775e-16,-6.529233269253002e-16,0.4999999999999994,-1.6568219285866728e-16,0.5000000000000002,1.1162192541820863e-38
8.4,5,5.543110348941101e-16,1.34961343728608e-16,-3.457852950261207e-16,-1.2248910451904112e-15,0.4999999999999996,1.6925325896176029e-15,7.242423518245212e-15,0.4999999999999988,2.652460686136323e-15,0.500000000000002,3.169014687223114e-31,-1.2156739554142511e-16,3.321139031868855e-16,-1.5124439841855223e-15,3.213332775126526e-14,9.154683137135813e-15,-1.4762046659888593e-14,3.757296299105586e-15,4.3606415626683326e-15,-4.345863403292385e-15,-2.4148935634605044e-13,0.9999999999999394,1.2074326947894814e-13,-3.163752266244865e-14,-2.22636503534214e-14,3.209459746235596e-13,5.340544929917441e-14,0.9999999999999556,7.120597719797501e-14,-3.654138567810556e-14,-1.9768499356717845e-13,1.5777306868643629e-13,1.0000000000000866,3.0611378314512954e-14,-1.7713981550018212e-14,-3.057793479652876e-13,8.295772277300343e-14,5.161105309063546e-13,-4.204144150083073e-15,5.11514756308632e-35,-1.1340242121401596e-19,-2.8220553149522606e-16,-5.553273521363285e-17,-3.0990495802201717e-17,0.4999999999999992,-7.27339185210376e-16,1.8869647844117578e-16,0.4999999999999995,1.7164396180267053e-15,0.5000000000000009,2.312604305993204e-37
8.4,4,5.905998096825951e-16,-3.7509859648671727e-16,-1.8530285987777133e-16,-1.0670507351018697e-15,0.500000000000003,2.783712575299196e-17,8.525759707659586e-15,0.5000000000000004,2.3220143520241296e-15,0.4999999999999974,3.5103369603931967e-31,-1.9597355916047133e-17,8.320593321853021e-17,1.8221279754521257e-16,4.1972650448418505e-15,1.6560154068392817e-15,-4.028825133315336e-15,4.518278430578048e-16,4.870937465260005e-16,-4.951522979073658e-15,-3.307701181678372e-14,0.999999999999989,2.843509580350995e-14,-4.8831648583110505e-15,-1.0788900238433178e-14,5.239993632989034e-14,1.539373635591137e-14,0.9999999999999724,1.517731238848833e-14,1.6713947890880624e-14,-4.677056443463102e-14,4.928543683746508e-14,1.000000000000028,1.3718318117966645e-14,4.466445021078022e-15,-5.746501326578587e-14,3.9711927209605945e-16,1.2087315991077466e-13,3.702965542678739e-15,3.0378863098218434e-36,2.835060530350399e-20,-8.601514884831273e-16,-3.2809626473389437e-17,-3.6805629534844893e-17,0.5000000000000001,-1.3888226387721548e-15,6.593400741672261e-16,0.5000000000000001,6.223148175907325e-16,0.5000000000000003,1.642693375951434e-36
8.4,3,6.105586358162619e-16,-5.00510401265722e-16,-1.4884006911499956e-16,5.636337393404612e-16,0.5000000000000046,1.1288227841329817e-16,-4.487995242703036e-15,0.5000000000000003,-3.935280381403959e-15,0.49999999999999906,3.867317351474924e-31,-1.239453025612565e-17,1.1850238114543194e-16,4.1597713398029905e-16,1.1433023782450636e-15,5.581727891469859e-16,-1.6507898646971366e-15,4.598178754585492e-16,-2.071380372079623e-16,-4.177688027636142e-15,-9.537125089965332e-15,0.999999999999996,1.1676726620527989e-14,-3.282839672999918e-15,-6.05678480667113e-15,2.0726579822524435e-14,1.7389305125236498e-14,1.0000000000000042,-1.0930842817160095e-14,1.3627739154201876e-14,-1.5723587618601283e-14,2.8353846410990705e-15,1.000000000000003,1.069141966445008e-14,6.066486202543095e-15,-1.9722894215033142e-14,5.163307213737011e-17,4.9725522299430456e-14,-2.6857790706708006e-15,4.902649465564421e-37,-9.072193697121277e-19,-3.921432658620448e-15,-8.792395626800958e-17,-1.2951126556019212e-16,0.5000000000000026,-2.242915757694455e-17,1.1118682380473564e-15,0.4999999999999997,3.20925972777358e-15,0.5000000000000022,2.62282082944785e-35
8.4,2,6.60455701150429e-16,3.4392387761590883e-16,-2.493518604983154e-15,-6.963567113984519e-15,0.4999999999999987,1.6744149641425737e-14,4.872428126643642e-14,0.4999999999999983,6.783221213027388e-14,0.5000000000000346,4.608518574884973e-31,-2.2893113782579473e-18,2.639790737532217e-17,-4.08050402190237e-16,-2.676746660135691e-16,-1.0981532491193607e-16,-3.3936075097684377e-16,8.528543848505775e-17,-9.432464035255911e-17,3.07024726289119e-15,2.004891020470019e-15,1.0,2.65094984855692e-15,-4.970120652395471e-16,-1.3294518314069908e-15,2.653334167814103e-15,3.964277099032069e-15,1.0000000000000013,-1.6120320545125071e-15,2.5190418647352193e-15,-3.1276306850313886e-15,-1.5189931200152973e-15,0.9999999999999979,1.5450793161955573e-15,2.1928798793686307e-15,-2.257171480527893e-15,-2.643277352361227e-17,1.0977662484758725e-14,-5.885337949490014e-16,1.7681478227130083e-37,2.835060530350399e-20,-1.728787809308094e-16,-2.6405471524989e-17,7.252137614010348e-18,0.5000000000000004,3.683381785938076e-15,1.4038048206189466e-15,0.4999999999999998,6.827915762263966e-16,0.5,8.171975609502372e-38
8.4,1,-1.8144387394242554e-18,1.1272887007988382e-16,-6.339661795957574e-16,-1.160497661647774e-15,0.4999999999999994,3.182030760111247e-15,6.595594884897576e-15,0.4999999999999986,2.956155880356518e-14,0.5000000000000183,4.2781296396422304e-36,-1.9733571714966313e-18,1.8318888533672197e-17,-4.061180309699663e-17,2.1143545912019807e-16,-3.7020332732212384e-17,-3.2142767423931336e-17,7.938024190144272e-17,-3.2814441760251854e-17,5.18043944253694e-16,-1.419457812510492e-15,1.0,5.06684813909008e-17,-4.911678675418137e-16,7.00879626678174e-16,-1.1300833439933271e-15,-2.3253180466359343e-15,1.0000000000000002,-1.3326239577642573e-16,-2.6579948432398753e-15,-6.777246035584816e-16,-3.389294091471006e-18,0.9999999999999991,-2.668926954480546e-16,5.490103497721384e-17,8.825842395106287e-17,-3.204530196975574e-16,1.0099887287511572e-15,-6.978096471599253e-16,1.6716738156170487e-38,1.4175302651751996e-19,-1.4447605007782431e-16,-1.7116264664029603e-17,-1.3362793129935521e-17,0.499999999999998,-3.516672874505705e-15,-1.0978773924724509e-15,0.49999999999999944,7.931131143341047e-16,0.5000000000000003,5.09368183279513e-38
10.4,7,2.7216581091363832e-17,2.8963835494324837e-16,4.491213315120863e-16,-6.142809933253244e-16,0.4999999999999981,-2.0666666873952084e-15,2.779677430766038e-15,0.5000000000000016,-3.175313591359758e-15,0.4999999999999999,6.469470803106068e-34,-8.221675538016157e-19,-3.5560235826386057e-17,-1.6550347429433487e-16,1.8766830864412732e-17,4.1629849707047585e-17,-1.3734347978494945e-17,1.95524637742187e-17,2.6012417848520154e-16,9.619554716339325e-16,-4.2469684433190715e-16,1.0000000000000002,1.447807357339887e-16,-1.3471108941044574e-16,1.204361247344372e-16,-1.135711895521901e-15,-4.3592842082074386e-16,0.9999999999999992,2.9736328934291803e-16,-2.2271852939645817e-16,5.767304843106606e-16,-6.814857559738914e-16,0.9999999999999998,-2.2513897306466996e-15,4.718854698158468e-16,2.4090365658435846e-16,-2.155667132666865e-16,-2.051953282929912e-16,4.338258737013949e-16,2.693743642828809e-37,7.087651325875998e-19,-3.4124247895096394e-16,-6.388216074396801e-17,-1.8334964389596645e-17,0.5000000000000069,3.2419998440153085e-16,5.30292408517617e-16,0.500000000000001,3.3345441418633915e-16,0.5,1.8508242907010453e-36
10.4,6,1.6329948654818297e-17,3.927829975745918e-17,-1.4503543160636642e-17,4.1777694649422844e-16,0.4999999999999995,4.579938416273576e-16,-1.6269848844085172e-15,0.5000000000000006,-2.1672391322373088e-16,0.5000000000000004,1.2861716650843246e-34,-2.835060530350399e-20,2.4424959572388855e-17,-3.5953071195324974e-17,-3.477416762903276e-16,-1.7338336418930962e-16,6.80976347940357e-19,-2.927145010937572e-18,-1.5218650534169025e-16,3.7831786644044073e-16,2.4956897085943084e-15,1.0000000000000013,-1.2039395620861465e-16,-7.400094015635283e-17,-8.279956633802771e-17,-5.09238180005281e-16,-2.310667501836868e-16,1.0000000000000016,-1.3558969764278648e-15,-1.3452857365617484e-15,2.635803112997232e-15,1.919592974437603e-15,1.0000000000000024,9.852127203338832e-16,2.118227445496854e-15,-2.120672935919732e-15,1.7433909698644522e-16,-2.3642716773723986e-17,-2.5028644882560637e-16,1.4684478296804333e-37,3.543825662937999e-19,7.110724964964266e-17,-1.0268212619097242e-16,-2.2173518270888826e-17,0.4999999999999991,1.3683033831108122e-15,-1.3213436783663969e-15,0.5000000000000002,-5.661152330058247e-16,0.5,2.1529488736132298e-36
10.4,5,2.7216581091363832e-17,-1.8228048404253397e-16,-2.781804749178256e-16,-3.5702641508945097e-16,0.5000000000000004,1.5189919582920636e-15,2.7532320014297276e-15,0.49999999999999967,1.2720431414220302e-16,0.5000000000000024,2.1646457202465316e-34,-5.670121060700798e-19,-1.0550781880667031e-17,1.0732116097228259e-16,-1.0497603678495401e-16,3.518056770442804e-16,-6.69164233829922e-17,5.900830337857567e-18,1.0001616998298114e-16,-8.486087785367775e-16,4.224092570669886e-16,0.9999999999999978,3.621654133951406e-16,-1.4955445821892168e-16,-5.312377296672819e-16,1.924152868291813e-15,5.765276380188371e-16,0.999999999999999,1.2696504780925428e-15,-1.2211580860193072e-15,4.045350769145501e-15,-1.4800594332490104e-15,1.000000000000002,-7.824991384137789e-15,2.2965450658960643e-15,-1.087050373571712e-15,1.247200411140409e-16,1.05066117033943e-15,4.911108300970138e-16,1.476048868274026e-37,7.371157378911038e-19,-4.848851299152312e-16,-1.2531725893783272e-18,2.3747640864163574e-17,0.4999999999999842,4.418316135607762e-16,6.939568489126207e-16,0.49999999999999917,3.0435882538330465e-16,0.49999999999999967,1.6253365634123668e-36
10.4,4,1.6329948654818297e-17,7.519674333385113e-18,1.4332193750955997e-17,1.3971671220120204e-15,0.5000000000000001,-7.224032198008954e-16,-8.58155605998018e-15,0.5000000000000008,2.251896575768947e-15,0.49999999999999556,3.917639347011255e-34,3.8273317159730387e-19,-1.3903677159415244e-17,-1.1565783840744485e-16,-7.650149050248675e-16,-6.5914667098796225e-18,-2.506587051873445e-17,-3.2949108080191565e-17,2.709111450797147e-16,7.44954009457697e-16,-3.0276361344896168e-15,0.9999999999999986,1.1382585102002984e-16,1.252755148641771e-16,-6.345184412965372e-17,7.766221795717761e-19,5.998316492400206e-16,1.0000000000000009,2.306006248951779e-16,5.446032464687205e-16,-3.8239013142044746e-16,4.3766306242083005e-16,0.9999999999999994,-5.344137703388597e-15,1.137294436493073e-15,-1.5665504578282015e-15,-2.1817492353488597e-16,3.0972302296818e-16,1.7784376734091077e-16,1.806756328336725e-35,7.512910405428557e-19,2.2033270210427156e-18,-1.9676453950454406e-16,-6.8153645302005825e-18,0.5000000000000038,7.945817873740762e-15,8.653712570700864e-15,0.4999999999999996,4.2395591132121633e-16,0.4999999999999999,6.238774266804389e-36
10.4,3,3.2659897309636595e-17,-9.471227081789673e-17,-5.325526555604677e-16,-3.3007344817702176e-16,0.5000000000000008,1.5447650621969963e-15,2.6687208700392817e-15,0.5000000000000004,2.6500445175095743e-15,0.4999999999999991,1.4364774056526465e-33,1.9845423712452793e-19,5.164106027404182e-17,-1.969105162797763e-16,-7.010916650818889e-16,-2.4480995862846586e-16,9.27423818678407e-18,-1.2219070153747142e-17,-2.5021698096282594e-16,1.2659761012852349e-15,1.5013983233725015e-15,1.0000000000000004,-8.905321071161327e-17,-3.856694935362749e-17,-1.8341940385816354e-16,2.248055821220356e-17,-2.411495074164281e-16,1.0000000000000013,6.601773962360808e-16,-8.214502082908949e-16,7.396988993488422e-15,-4.594419484348886e-17,1.0000000000000009,-1.0937766542467344e-14,1.4325331237110897e-15,-1.925772639431972e-15,4.4662730099830646e-17,2.148023292267178e-16,-2.283099450182883e-16,2.065789443882195e-36,7.938169484981117e-19,-3.9637454341577797e-16,-8.640439679849229e-18,3.1530468125492656e-17,0.49999999999998795,2.1182881472532667e-15,5.829704230118706e-15,0.5000000000000001,1.7060236453590267e-16,0.4999999999999998,1.7231219546457326e-36
10.4,2,3.628877478848511e-18,-9.002080004569347e-18,-4.040549653070202e-16,1.0270711166554415e-15,0.4999999999999999,1.7569954605975168e-15,-6.145734124262864e-15,0.5000000000000026,-6.13833018846031e-16,0.4999999999999946,5.625226071764046e-36,4.252590795525598e-20,1.535645489196194e-17,-1.1812959462904152e-16,-2.52687906353202e-16,1.0536687452492062e-16,2.224268454464397e-17,3.001422312678684e-18,-8.100409412434649e-17,6.787321827675166e-16,1.0458890328833463e-15,1.0000000000000007,-1.804919312666993e-16,1.6901871652815606e-17,8.430501954471457e-17,3.0630362572901335e-15,-8.816684771377621e-16,0.9999999999999999,-2.767172464213474e-17,-2.389259451168955e-15,1.0014466587575657e-14,1.2662640295738111e-16,0.9999999999999994,-2.376343442967708e-15,2.332832856941761e-15,-6.168252555170208e-16,-1.8224305707926226e-16,-5.201782740277563e-16,-8.615803018013332e-17,1.2056161731112402e-37,5.670121060700798e-19,8.151714231271977e-18,6.151076394032603e-17,-8.625243774730282e-19,0.5000000000000075,8.843961497990558e-15,1.0175887754246351e-14,0.5000000000000001,5.12814631417993e-16,0.5000000000000004,1.1750808192507976e-36
10.4,1,5.443316218272766e-18,-8.922379211775429e-17,5.89923390139957e-16,6.143827237717422e-16,0.5000000000000003,-3.928335900220043e-15,-9.915970980468533e-15,0.5000000000000011,-2.1634335560421025e-15,0.49999999999999284,2.293278961891385e-35,-1.3571191120773033e-17,1.028667106701483e-15,1.5656842411513318e-14,-4.8971355699455185e-14,-8.434438580453193e-14,2.1723295842068974e-15,-1.4617047658082738e-15,-5.4228619389192735e-15,-9.195210697361816e-14,2.770930612519852e-13,1.0000000000005662,-8.3545032556743e-15,6.236587044275206e-15,9.253204575493692e-14,6.253915589934226e-14,-9.172817359686748e-14,0.9999999999998679,7.342131970228275e-13,1.3865509710843544e-13,-5.077507686489575e-14,-3.0210560683231405e-13,1.0000000000002456,2.4955162082859755e-14,2.283244514144434e-13,4.550788686928958e-13,-2.2439659945748658e-14,-3.531256389643898e-14,1.8082018857019383e-14,7.686784589443345e-34,3.260319609902959e-19,-6.1237969742289275e-16,2.9601392598167965e-16,-1.1162326311974052e-17,0.5000000000000079,-1.6115442223329232e-15,9.708406280472316e-15,0.5000000000000001,-6.413269667776198e-17,0.500000000000001,1.5105642461572512e-35
11.4,7,7.620642705581873e-17,-1.991889586280625e-17,6.456051404286665e-16,7.28177291887477e-16,0.5,-2.535067419085179e-15,-3.2366266488235253e-15,0.49999999999999917,3.387601729353887e-15,0.49999999999999617,5.41472644702753e-33,-1.939181402759673e-16,-4.304666600129375e-15,-2.7557489377995416e-15,2.1644444500720099e-13,2.3196281057577174e-14,9.276274174482246e-15,-2.776343412142807e-15,2.999549689127611e-14,1.0708982925913181e-13,-1.2388438805714233e-12,0.9999999999997944,7.675278375313671e-14,-1.2163405394017397e-13,1.0583049255104814e-12,-6.408504888589668e-13,3.251567568863913e-13,1.000000000001327,1.2359875525020219e-12,6.114380348456964e-13,-5.573475859192995e-13,-4.028530698235536e-12,1.0000000000043727,4.392040603853773e-13,1.2675208838037543e-12,-3.0728304072848813e-12,-1.2505422359975134e-13,-2.502246651533552e-13,1.0382374184272281e-13,8.208174802143222e-32,6.804145272840957e-19,3.2250540021975646e-16,-8.909937120446215e-17,-6.248795191622886e-18,0.49999999999999295,9.279018883463946e-15,7.61033202447536e-16,0.4999999999999992,5.545324307204046e-16,0.4999999999999999,1.135459700261539e-36
11.4,6,1.8144387394242554e-18,3.5148565097768556e-17,-2.4792879790536997e-16,3.8709894217853944e-16,0.5000000000000001,9.503745207916251e-16,-2.502589407116022e-15,0.4999999999999969,-6.049672371109367e-16,0.5000000000000003,1.1981978018282546e-34,-2.5118636298904536e-17,-2.0859877150105412e-16,5.848371376948929e-15,2.101353424336994e-14,1.4323992712810672e-14,-2.944711429509211e-16,7.308866063795198e-16,1.827204964782733e-15,-2.946322198281556e-14,-1.1640147152330226e-13,0.9999999999999251,9.679072190038101e-15,-2.0485438705754482e-14,1.4929788528044646e-13,-3.8213999009320595e-14,7.441526215154587e-14,0.9999999999999624,1.2643412783165942e-13,5.067848471216047e-14,-5.1434023084393826e-14,-4.52312578536983e-13,1.0000000000005385,7.39777030277932e-14,3.469435913150038e-13,-7.387542204360751e-13,-3.5791444379489746e-14,1.7228063880269087e-15,-1.3253938997182365e-14,6.137562524192809e-34,3.260319609902959e-19,1.9965139564646113e-16,-6.612549100179675e-17,-4.562469037411864e-17,0.49999999999997186,5.587180924112029e-15,-4.474651295669248e-16,0.5000000000000006,-2.919882197843718e-17,0.5000000000000007,1.099886386018109e-36
11.4,5,-3.628877478848511e-18,1.302190612793375e-16,-4.9501132596067853e-17,-5.2905773433289275e-16,0.4999999999999997,6.447198966638805e-16,2.952630017141407e-15,0.4999999999999939,-3.3928581251774535e-15,0.49999999999998523,8.296913745017572e-35,-4.904654717506191e-18,-1.0011409958597995e-16,1.4929887866593e-15,4.8031993593968896e-15,4.516427036502456e-15,2.466452661971313e-16,2.56632887694007e-16,6.732947949174499e-16,-7.968905888404487e-15,-2.6242919725046162e-14,0.999999999999973,6.806859467123629e-16,-4.94027378350599e-15,3.954911040179813e-14,-2.883880405869738e-15,1.9907834576621888e-14,0.9999999999999913,4.83585534430552e-16,2.015765753069339e-14,-1.0633201197880257e-14,-1.2414306785091465e-13,1.0000000000001086,2.1593032219571657e-14,9.845889866845361e-14,-1.8266811711222885e-13,-8.51574322216161e-15,-6.629594454736985e-15,-5.34383505115487e-15,3.4177539687973944e-35,5.386615007665759e-19,2.758333697776093e-16,-1.4104828626765237e-16,-2.9929571121918944e-17,0.5000000000000117,2.483284206888028e-15,-5.6761707197012e-15,0.5000000000000004,7.98973833920933e-16,0.5000000000000002,2.6549526973716303e-36
11.4,4,-1.995882613366681e-17,-8.951010618781834e-18,2.9925347562170793e-16,1.2099562571491578e-15,0.5000000000000002,-4.125113818019867e-16,-5.3579836046236255e-15,0.4999999999999988,-1.5668402070345212e-14,0.4999999999999856,2.4582955956369036e-34,-1.3608290545681915e-18,-4.984945153905746e-17,-4.862484221514703e-16,1.4855293695216113e-15,8.42086004028959e-16,2.0443641936709063e-17,3.7524671306259866e-17,2.963021536563062e-16,2.718616455022413e-15,-7.382165540508426e-15,0.999999999999996,4.010645499310625e-16,-1.3822151708644283e-15,1.0429403965988557e-14,4.879311018585325e-16,1.0173488921719304e-14,0.9999999999999953,-4.572906699782731e-15,6.8167734172292435e-15,-2.0956480607773475e-15,-3.918411242735336e-14,1.0000000000000382,1.1629406220219335e-14,3.8072518756749795e-14,-5.337464867814657e-14,-2.1522185063318788e-15,-1.0718735157703605e-15,-1.239457405892485e-15,3.7255893899512386e-36,4.819602901595678e-19,3.045321479315796e-16,5.1794891177689546e-17,2.676141283932425e-17,0.4999999999999838,-6.781967265292433e-16,2.6723128354420123e-15,0.5000000000000008,1.463243808905991e-16,0.5000000000000002,7.552825051641117e-37
11.4,3,-5.443316218272766e-18,4.843185506940416e-17,-2.877844025114187e-16,1.4269903421633395e-16,0.4999999999999999,1.0708671558225554e-15,-1.3904405431264294e-15,0.49999999999999833,-2.5238357048214117e-15,0.4999999999999957,9.014936505177967e-36,-5.811874087218318e-19,-2.119268948073815e-17,-6.719938403254892e-16,-5.3580576280311075e-17,-4.37271725849967e-17,5.0058427731834985e-17,-1.3221569978245635e-19,1.2929140888995225e-16,4.0495869006319606e-15,5.581518639008321e-16,1.0000000000000007,-1.4324225922648458e-18,-4.008112536331703e-16,4.292887504960729e-15,3.000044825526331e-16,4.886170311310794e-16,1.000000000000001,-6.59964634001214e-15,3.4835872911500187e-15,-5.910600661570557e-16,-1.4297870057507046e-14,1.0000000000000155,4.11841772960454e-15,1.3464998063456749e-14,-1.3576845498234886e-14,-2.040660002732891e-16,-5.903000282761418e-16,-5.1951148038232925e-17,5.4643805988111e-37,7.371157378911038e-19,4.828081988098036e-16,-3.290848895313203e-17,4.462510770319519e-18,0.4999999999998575,2.2459228644318534e-14,2.5122150914100815e-15,0.49999999999999967,-8.281417807094974e-17,0.49999999999999994,6.496784300131722e-37
11.4,2,-2.1773264873091063e-17,5.3304888148022603e-17,-3.037281865068754e-16,2.701607555287254e-16,0.5000000000000008,2.2363613020895735e-15,-1.5454117454586152e-15,0.49999999999998956,7.72232173032338e-15,0.49999999999999195,2.0747857076503384e-34,4.330554960110235e-18,9.145432612441546e-16,1.119358693181611e-14,-3.267943711965951e-14,1.0343815106244359e-14,-1.2290623726132771e-15,4.85422788232e-16,-5.088590859762436e-15,-6.634034994901476e-14,1.7389426763126578e-13,0.9999999999999337,2.163319209480665e-15,3.1780949358498874e-15,4.354491792111793e-14,-4.93979908922722e-15,-7.441540724319265e-14,0.9999999999999941,3.550215550757811e-13,-7.934830741008157e-14,2.0612223658409903e-14,2.995801161697789e-13,0.9999999999997585,-2.9392775569417416e-14,-1.757846031288026e-13,2.2791769007239436e-13,-2.2033573507590006e-15,2.5668051966601503e-14,-4.680472510580678e-15,2.0369596147225794e-34,8.788687644086236e-19,-1.1872591155173354e-17,2.3083873019951757e-16,9.916887800565912e-17,0.5000000000000507,-4.5301768642218096e-15,2.0576272884246187e-15,0.5000000000000001,-1.8516642637069988e-17,0.49999999999999933,6.210438580834588e-36
11.4,1,-1.2701071175969787e-17,4.867333014948277e-17,1.792142508804158e-15,3.344591885753676e-16,0.5000000000000002,-9.78568989639493e-15,5.348751984491124e-16,0.4999999999999804,-2.5396633790728715e-14,0.49999999999997713,3.8437794535332644e-35,3.586351570893255e-18,1.0667701230210193e-15,2.4700515999382896e-14,-4.060692935615244e-14,2.2727757497458553e-14,-4.681559571711133e-16,8.206197320725671e-16,-5.993896254818752e-15,-1.3862204198624864e-13,2.2152041799127705e-13,0.9999999999998531,-1.28501122204548e-16,-2.3626785312183442e-15,8.341386543476766e-14,-1.4553712801632793e-14,-4.35136423232827e-14,1.00000000000004,5.006029947235844e-13,-3.93339282731814e-14,1.2231721789912988e-14,1.8445066970750666e-13,0.999999999999852,-2.352428484363071e-14,-7.732778883519062e-14,9.286041422870607e-15,-4.570513465530138e-15,1.4286978144352073e-14,-1.1018684432482981e-14,1.5141475828306914e-34,6.804145272840957e-19,1.2045773724719854e-15,1.6071464137507965e-16,1.1484492394054571e-16,0.5000000000000709,-9.643872588480785e-15,-2.1315194470670575e-16,0.4999999999999991,-1.6178410610426844e-16,0.4999999999999997,4.7631409469998976e-36
